timestamp,universal_mid,universal_spot,atm_vol,options_pv,options_pv_snapshot,options_pnl,options_bs_delta_lots,cumulative_hedge_lots,final_bs_delta_lots,hedge_strike,hedge_pnl,total_pnl,hedge_trade_count
2025-04-24 09:15:00,24266.297928775784,24264.208552764172,0.11500304561979617,-147.87500000000003,,,1.597431423673124,0.0,1.597431423673124,,,0.0,0
2025-04-24 09:16:00,24275.827217764338,24273.74267019937,0.1131020847557983,-135.65500000000003,,,-0.3850698989904511,0.0,-0.3850698989904511,,,0.0,0
2025-04-24 09:17:00,24272.83696927966,24270.75832672782,0.11575057065184921,-142.87,,,0.2928185768903102,0.0,0.2928185768903102,,,0.0,0
2025-04-24 09:18:00,24291.578550969323,24289.50395605779,0.11603462784200094,-145.6,,,-4.576625329649831,0.0,-4.576625329649831,,,0.0,0
2025-04-24 09:19:00,24287.051026400088,24284.98246970958,0.11204344198299632,-131.10500000000002,,,-2.9801448338380903,0.0,-2.9801448338380903,,,0.0,0
2025-04-24 09:20:00,24301.964549556164,24299.90037768791,0.1085303704065591,-127.00999999999999,-127.00999999999999,0.0,-6.823280417233617,7.0,0.176719582766383,24300,0.0,0.0,1
2025-04-24 09:21:00,24298.37486234145,24296.316649566314,0.10483962267027572,-119.92500000000001,-127.00999999999999,7.0849999999999795,-5.966799056979121,7.0,1.033200943020879,24300,-1.0465887103506792,6.0384112896493,1
2025-04-24 09:22:00,24302.475209088538,24300.422304136355,0.10456489930792005,-121.35500000000002,-127.00999999999999,5.654999999999973,-7.157397224349051,7.0,-0.1573972243490509,24300,0.8190690728129811,6.474069072812954,1
2025-04-24 09:23:00,24305.250442299264,24303.2029587077,0.1045615654311358,-121.87500000000001,-127.00999999999999,5.134999999999977,-7.928615803417037,7.0,-0.9286158034170366,24300,2.0249204053560423,7.159920405356019,1
2025-04-24 09:24:00,24297.349777360934,24295.308613280376,0.10221771674221919,-115.37500000000001,-127.00999999999999,11.634999999999977,-5.73374668767441,7.0,1.2662533123255901,24300,-1.3196110904224225,10.315388909577553,1
2025-04-24 09:25:00,24286.22384590289,24284.18926785436,0.1091708892059605,-122.135,-127.00999999999999,4.874999999999986,-2.482387574216149,2.0,-0.482387574216149,24300,-6.256774452377467,-1.3817744523774813,2
2025-04-24 09:26:00,24275.256287082324,24273.228276658345,0.10802368598914652,-116.02499999999999,-127.00999999999999,10.985,0.4843560924180088,0.0,0.4843560924180088,24300,-7.7974027606453085,3.187597239354691,3
2025-04-24 09:27:00,24277.266857892173,24275.244328787157,0.10660030348168689,-114.79000000000002,-127.00999999999999,12.21999999999997,-0.13912317156352838,0.0,-0.13912317156352838,24300,-7.7974027606453085,4.422597239354662,3
2025-04-24 09:28:00,24266.951408270274,24264.93538542869,0.104396294985898,-111.41,-127.00999999999999,15.599999999999994,1.8975379523024714,-2.0,-0.10246204769752865,24300,-7.797402760645309,7.802597239354685,4
2025-04-24 09:29:00,24265.534571368073,24263.524312792077,0.09997384357161501,-103.09,-127.00999999999999,23.919999999999987,2.213566903585233,-2.0,0.213566903585233,24300,-7.673893545137143,16.246106454862844,4
2025-04-24 09:30:00,24262.386349691333,24260.38199775513,0.10049981971246295,-104.715,-127.00999999999999,22.294999999999987,2.881543521692881,-2.0,0.8815435216928811,24300,-7.3163650544279895,14.978634945571997,4
2025-04-24 09:31:00,24272.630983252748,24270.631433205224,0.10309839895224746,-101.07499999999999,-127.00999999999999,25.935000000000002,-0.06373416781885899,0.0,-0.06373416781885899,24300,-8.486462574099713,17.44853742590029,5
2025-04-24 09:32:00,24282.300599715752,24280.30590356146,0.1040727383042437,-105.365,-127.00999999999999,21.644999999999996,-1.3920237804748692,1.0,-0.3920237804748692,24300,-8.486462574099713,13.158537425900283,6
2025-04-24 09:33:00,24291.680462023047,24289.690647998264,0.1020007536405588,-106.92500000000003,-127.00999999999999,20.084999999999965,-4.0818406969939645,4.0,-0.08184069699396446,24300,-7.8266582595458205,12.258341740454146,7
2025-04-24 09:34:00,24326.794020484616,24324.806991009806,0.12245177124766585,-155.73999999999998,-127.00999999999999,-28.72999999999999,-12.397877335238888,12.0,-0.39787733523888846,24300,0.8710526323615149,-27.858947367638475,8
2025-04-24 09:35:00,24356.07142210531,24354.08766886686,0.13892860809928376,-224.70500000000004,-127.00999999999999,-97.69500000000005,-18.384890182647506,18.0,-0.3848901826475064,24300,25.833081038212455,-71.8619189617876,9
2025-04-24 09:36:00,24304.29425761205,24302.320377107688,0.10879808487145338,-119.72999999999999,-127.00999999999999,7.280000000000001,-7.87923150309961,8.0,0.12076849690039015,24300,-38.463656605525046,-31.183656605525044,10
2025-04-24 09:37:00,24323.762047137207,24321.792245669694,0.12105841737937986,-155.54500000000002,-127.00999999999999,-28.535000000000025,-12.45211813609732,12.0,-0.45211813609732054,24300,-27.958806252430826,-56.49380625243085,11
2025-04-24 09:38:00,24309.427780039787,24307.46479618341,0.11635150569804902,-141.96,-127.00999999999999,-14.950000000000017,-9.052659367546388,9.0,-0.052659367546388225,24300,-38.48966082007371,-53.439660820073726,12
2025-04-24 09:39:00,24306.52955160124,24304.572457888353,0.11620045690559166,-140.4,-127.00999999999999,-13.390000000000015,-8.367456530502242,9.0,0.6325434694977581,24300,-40.09854167640821,-53.488541676408225,12
2025-04-24 09:40:00,24267.3993897888,24265.451093734573,0.11647419170543971,-132.99,-127.00999999999999,-5.980000000000018,1.3746604940353655,-1.0,0.3746604940353655,24300,-62.15481339254523,-68.13481339254525,13
2025-04-24 09:41:00,24276.083091883636,24274.13974769231,0.1159669962522078,-130.65,-127.00999999999999,-3.640000000000015,0.05770572971409349,-1.0,-0.9422942702859065,24300,-62.6196010655375,-66.25960106553751,13
2025-04-24 09:42:00,24278.09825182212,24276.16039581344,0.1120226356276924,-124.28,-127.00999999999999,2.7299999999999898,-0.4560590315083304,0.0,-0.4560590315083304,24300,-62.75611231948897,-60.02611231948898,14
2025-04-24 09:43:00,24263.08201013034,24261.150998711466,0.10807299027582239,-123.23999999999998,-127.00999999999999,3.7700000000000102,2.5656774069300052,-3.0,-0.43432259306999477,24300,-62.756112319488956,-58.986112319488946,15
2025-04-24 09:44:00,24261.65092454401,24259.725672695273,0.10692175166558096,-120.70500000000001,-127.00999999999999,6.304999999999978,2.9745952815019256,-3.0,-0.025404718498074352,24300,-62.49284311170182,-56.187843111701845,15
2025-04-24 09:45:00,24264.051111738063,24262.13131566059,0.1082028876045037,-120.64,-127.00999999999999,6.36999999999999,2.2761090027485573,-3.0,-0.7238909972514427,24300,-62.804869544408184,-56.434869544408194,15
2025-04-24 09:46:00,24247.6228402623,24245.709986419628,0.10411296211687127,-126.815,-127.00999999999999,0.19499999999999318,7.242474124121997,-7.0,0.24247412412199676,24300,-59.75288045041859,-59.557880450418594,16
2025-04-24 09:47:00,24249.824986234187,24247.91760159518,0.10603741445632904,-130.45499999999998,-127.00999999999999,-3.444999999999993,6.567190857660826,-7.0,-0.432809142339174,24300,-60.89047548769639,-64.33547548769639,16
2025-04-24 09:48:00,24248.35379204482,24246.452165709674,0.10554206974276288,-130.325,-127.00999999999999,-3.3149999999999977,7.063417545312542,-7.0,0.06341754531254207,24300,-60.412693312966276,-63.727693312966274,16
2025-04-24 09:49:00,24246.791930139887,24244.896068514547,0.1067256156431774,-131.69,-127.00999999999999,-4.680000000000007,7.443189599697103,-7.0,0.4431895996971029,24300,-59.91215958164727,-64.59215958164728,16
2025-04-24 09:50:00,24258.54287023036,24256.651734756422,0.10372266935497382,-122.00500000000001,-127.00999999999999,5.004999999999981,3.41336384420404,-3.0,0.41336384420403993,24300,-63.7117113072128,-58.70671130721282,17
2025-04-24 09:51:00,24259.72381266132,24257.83823035999,0.10672899945633672,-122.72000000000001,-127.00999999999999,4.289999999999978,3.186998153900265,-3.0,0.18699815390026497,24300,-64.4527708935698,-60.16277089356983,17
2025-04-24 09:52:00,24259.746880701055,24257.866941849385,0.10292140320092498,-118.75500000000001,-127.00999999999999,8.254999999999981,3.110913117677644,-3.0,0.11091311767764411,24300,-64.48202497573122,-56.22702497573124,17
2025-04-24 09:53:00,24267.003245145726,24265.12839091558,0.10784412879530458,-119.86000000000001,-127.00999999999999,7.149999999999977,1.2130214424188215,-1.0,0.21302144241882148,24300,-66.00314430489914,-58.85314430489916,18
2025-04-24 09:54:00,24284.431503480497,24282.56095374284,0.11799300226466813,-137.67,-127.00999999999999,-10.659999999999997,-2.426260434047415,2.0,-0.426260434047415,24300,-67.22848917398662,-77.88848917398661,19
2025-04-24 09:55:00,24278.13291998994,24276.268504936404,0.11199930931672573,-127.07499999999997,-127.00999999999999,-0.06499999999998352,-0.5466760453738235,1.0,0.4533239546261765,24300,-68.30107114250751,-68.3660711425075,20
2025-04-24 09:56:00,24260.829657197908,24258.972216431048,0.10266889512610355,-121.55000000000001,-127.00999999999999,5.4599999999999795,2.7353522579787404,-3.0,-0.2646477420212596,24300,-69.41590617126445,-63.95590617126447,21
2025-04-24 09:57:00,24270.801587756163,24268.949031346914,0.10784192177545592,-121.55000000000001,-127.00999999999999,5.4599999999999795,0.10949994779156924,0.0,0.10949994779156924,24300,-71.36605677520728,-65.9060567752073,22
2025-04-24 09:58:00,24274.705684796616,24272.8584791245,0.11054699165895347,-123.11,-127.00999999999999,3.8999999999999915,-0.9037344536312562,0.0,-0.9037344536312562,24300,-71.36605677520734,-67.46605677520735,22
2025-04-24 09:59:00,24269.824607378134,24267.98342073292,0.10637607686007387,-118.95,-127.00999999999999,8.059999999999988,0.44018679374003433,0.0,0.44018679374003433,24300,-71.36605677520731,-63.306056775207324,22
2025-04-24 10:00:00,24269.705271844785,24267.869741823197,0.10803911976025837,-122.265,-127.00999999999999,4.74499999999999,0.4472118149292508,0.0,0.4472118149292508,24300,-71.36605677520731,-66.62105677520732,22
2025-04-24 10:01:00,24266.32811604914,24264.498488229434,0.10523577724972158,-119.08000000000001,-127.00999999999999,7.929999999999978,1.3896271824596917,-1.0,0.38962718245969175,24300,-71.36605677520734,-63.43605677520736,23
2025-04-24 10:02:00,24258.17185598328,24256.34848801691,0.10264593605538376,-123.11000000000003,-127.00999999999999,3.899999999999963,3.679854959741968,-4.0,-0.32014504025803214,24300,-70.90127236226606,-67.00127236226609,24
2025-04-24 10:03:00,24261.704623675643,24259.88663588106,0.10375865850306874,-121.29000000000002,-127.00999999999999,5.71999999999997,2.615369771911839,-3.0,-0.38463022808816083,24300,-71.94135282112252,-66.22135282112255,25
2025-04-24 10:04:00,24253.50773199663,24251.696002221353,0.09977661307940379,-121.29,-127.00999999999999,5.719999999999985,4.9706912780080375,-5.0,-0.02930872199196255,24300,-70.2934814364494,-64.57348143644941,26
2025-04-24 10:05:00,24261.497132806977,24259.690451892828,0.10197697693301702,-116.86999999999999,-127.00999999999999,10.14,2.7275045041221433,-3.0,-0.2724954958778567,24300,-72.74741766419967,-62.60741766419967,27
2025-04-24 10:06:00,24264.69923532995,24262.89796237825,0.10353714619427264,-115.83,-127.00999999999999,11.179999999999993,1.8504069412174697,-3.0,-1.1495930587825303,24300,-73.52747732305099,-62.347477323050995,27
2025-04-24 10:07:00,24267.44944124658,24265.653611189984,0.1048178250862002,-115.18,-127.00999999999999,11.829999999999984,1.0969743128083886,-1.0,0.09697431280838864,24300,-73.98576280705832,-62.15576280705834,28
2025-04-24 10:08:00,24259.127517549357,24257.33794844793,0.09854068415401616,-111.53999999999998,-127.00999999999999,15.470000000000013,3.3597703604370697,-3.0,0.35977036043706967,24300,-73.4267220550733,-57.956722055073286,29
2025-04-24 10:09:00,24255.594896212613,24253.81123200755,0.09603440847890876,-110.695,-127.00999999999999,16.314999999999998,4.4350400716242255,-4.0,0.43504007162422553,24300,-72.83193017011443,-56.516930170114435,30
2025-04-24 10:10:00,24266.37803315449,24264.599222807887,0.10293911387961444,-112.05999999999999,-127.00999999999999,14.950000000000003,1.3519296809270045,-1.0,0.3519296809270045,24300,-75.57513391278273,-60.62513391278273,31
2025-04-24 10:11:00,24277.03062868928,24275.2566867597,0.10856015089067768,-116.54499999999999,-127.00999999999999,10.465000000000003,-0.432441581515985,0.0,-0.432441581515985,24300,-76.270685241746,-65.80568524174599,32
2025-04-24 10:12:00,24280.194915530694,24278.426392411326,0.11120164910829658,-118.10500000000002,-127.00999999999999,8.904999999999973,-1.3642225707947038,1.0,-0.36422257079470377,24300,-76.27068524174597,-67.365685241746,33
2025-04-24 10:13:00,24287.768666534765,24286.00524354872,0.11309343187752571,-124.08500000000001,-127.00999999999999,2.924999999999983,-3.5536625206189365,4.0,0.4463374793810635,24300,-75.68564245590063,-72.76064245590065,34
2025-04-24 10:14:00,24283.029199729383,24281.271771543525,0.11018181536661448,-118.95,-127.00999999999999,8.059999999999988,-2.0974546168639794,2.0,-0.09745461686397938,24300,-76.97273491646966,-68.91273491646967,35
2025-04-24 10:15:00,24282.15773035765,24280.40601573024,0.10966557656723581,-116.34999999999998,-127.00999999999999,10.66000000000001,-1.7664510055580551,2.0,0.23354899444194488,24300,-77.15474755221751,-66.4947475522175,35
2025-04-24 10:16:00,24278.080614565333,24276.334843601446,0.10670222639711952,-113.55499999999999,-127.00999999999999,13.454999999999998,-0.5257930274325251,1.0,0.4742069725674749,24300,-77.66828394223016,-64.21328394223016,36
2025-04-24 10:17:00,24282.27552147,24280.535099379635,0.10945299697949258,-118.885,-127.00999999999999,8.124999999999986,-1.8709677944265655,1.0,-0.8709677944265655,24300,-77.34651055100605,-69.22151055100606,36
2025-04-24 10:18:00,24282.146938496444,24280.412176111506,0.10891899219638182,-115.635,-127.00999999999999,11.374999999999986,-1.7883639149443022,1.0,-0.7883639149443022,24300,-77.38876331625154,-66.01376331625156,36
2025-04-24 10:19:00,24287.216968812263,24285.487495885205,0.10904466879665431,-113.81499999999998,-127.00999999999999,13.195000000000007,-3.3246892862753645,3.0,-0.32468928627536453,24300,-77.0669901398417,-63.8719901398417,37
2025-04-24 10:20:00,24273.80523843629,24272.082369098425,0.09990796296148514,-101.53,-127.00999999999999,25.47999999999999,-0.8003230922136868,1.0,0.1996769077863132,24300,-79.80693404644425,-54.326934046444265,38
2025-04-24 10:21:00,24282.41845043104,24280.7006203141,0.1045911242370122,-106.08,-127.00999999999999,20.929999999999993,-1.8048946338868381,1.0,-0.8048946338868381,24300,-79.22839271738573,-58.29839271738574,38
2025-04-24 10:22:00,24278.189648243486,24276.477766861695,0.09972968738897794,-101.01,-127.00999999999999,25.999999999999986,-0.5078510169961223,1.0,0.49214898300387766,24300,-79.46890941024806,-53.468909410248074,38
2025-04-24 10:23:00,24280.42362420405,24278.717235397056,0.10098302279309838,-100.68499999999999,-127.00999999999999,26.325000000000003,-1.2359539487316455,1.0,-0.23595394873164555,24300,-79.33889995119601,-53.01389995119601,38
2025-04-24 10:24:00,24291.60291410428,24289.90139233253,0.10558303190850854,-108.29,-127.00999999999999,18.719999999999985,-4.732891989831112,5.0,0.2671080101688883,24300,-78.58484684109048,-59.8648468410905,39
2025-04-24 10:25:00,24301.158807521708,24299.462271323526,0.10934750661606589,-113.94500000000001,-127.00999999999999,13.064999999999984,-7.475053901975061,7.0,-0.4750539019750608,24300,-75.8709067904847,-62.80590679048471,40
2025-04-24 10:26:00,24290.867406524307,24289.177241328536,0.10220927374281877,-100.94500000000001,-127.00999999999999,26.064999999999984,-3.9149371254726044,4.0,0.08506287452739558,24300,-80.23921080709891,-54.17421080709893,41
2025-04-24 10:27:00,24288.12591025,24286.441587700738,0.10037278297218247,-98.15,-127.00999999999999,28.859999999999985,-3.018375103540711,4.0,0.9816248964592891,24300,-80.9152571477353,-52.05525714773532,41
2025-04-24 10:28:00,24293.672834827063,24291.993780796598,0.10018398925752042,-100.295,-127.00999999999999,26.71499999999999,-4.810929069733717,4.0,-0.8109290697337173,24300,-79.39415131785243,-52.679151317852444,41
2025-04-24 10:29:00,24292.276190021417,24290.602885380733,0.09773310910950908,-93.60000000000001,-127.00999999999999,33.40999999999998,-4.379859976674281,4.0,-0.37985997667428073,24300,-79.7971787343657,-46.38717873436572,41
2025-04-24 10:30:00,24281.02198093249,24279.35510174942,0.09639298190964359,-88.725,-127.00999999999999,38.285,-0.6657589376953861,1.0,0.3342410623046139,24300,-82.91739249669973,-44.63239249669974,42
2025-04-24 10:31:00,24280.502086854063,24278.840893485078,0.09666973048073502,-91.06500000000001,-127.00999999999999,35.94499999999998,-0.49695477227857876,1.0,0.5030452277214212,24300,-82.93689353970956,-46.99189353970958,42
2025-04-24 10:32:00,24289.022546911132,24287.36642270752,0.0962114025538875,-91.65,-127.00999999999999,35.359999999999985,-3.3980261915274057,3.0,-0.3980261915274057,24300,-82.3486031319538,-46.98860313195381,43
2025-04-24 10:33:00,24284.218831296203,24282.56868562059,0.09264282500281272,-83.46,-127.00999999999999,43.55,-1.71843661380832,3.0,1.28156338619168,24300,-83.30416758736727,-39.75416758736728,43
2025-04-24 10:34:00,24281.57205911817,24279.927743670884,0.0924122376568966,-82.48499999999999,-127.00999999999999,44.525000000000006,-0.8341332408278199,1.0,0.16586675917218008,24300,-83.89895716686634,-39.37395716686633,44
2025-04-24 10:35:00,24275.875059054197,24274.236778452276,0.09101404568382045,-79.69,-127.00999999999999,47.31999999999999,1.1588463107696927,-1.0,0.1588463107696927,24300,-84.3019840864355,-36.9819840864355,45
2025-04-24 10:36:00,24278.60192357238,24276.969108633435,0.09307412420046543,-81.575,-127.00999999999999,45.43499999999999,0.2221455907245251,-1.0,-0.7778544092754749,24300,-84.487246918836,-39.052246918836005,45
2025-04-24 10:37:00,24275.706749421715,24274.07977820828,0.09045079790484241,-80.99000000000001,-127.00999999999999,46.01999999999998,1.2670083371074656,-1.0,0.26700833710746563,24300,-84.35073809970123,-38.33073809970125,45
2025-04-24 10:38:00,24275.35002337731,24273.72872500579,0.0905727375719979,-78.78,-127.00999999999999,48.22999999999999,1.3923816220251877,-1.0,0.39238162202518767,24300,-84.29223455390284,-36.062234553902854,45
2025-04-24 10:39:00,24277.321826772277,24275.706046102347,0.09032857977131237,-77.48,-127.00999999999999,49.52999999999999,0.7270883973900006,-1.0,-0.27291160260999936,24300,-84.42874401445142,-34.89874401445144,45
2025-04-24 10:40:00,24273.27322741517,24271.663364653654,0.08777729916907649,-75.13999999999999,-127.00999999999999,51.870000000000005,2.967307499175691,-3.0,-0.03269250082430908,24300,-84.14272538837318,-32.272725388373175,46
2025-04-24 10:41:00,24271.57807833307,24269.973976058118,0.08643399732858807,-73.83999999999999,-127.00999999999999,53.17,3.727979470775608,-3.0,0.7279794707756082,24300,-83.94771372990215,-30.777713729902146,46
2025-04-24 10:42:00,24272.333056492615,24270.734552558493,0.0862684438935278,-72.21499999999999,-127.00999999999999,54.795,3.432324664750718,-3.0,0.43232466475071796,24300,-84.05497206879696,-29.259972068796955,46
2025-04-24 10:43:00,24270.18124620591,24268.58853172136,0.08408907573277084,-69.615,-127.00999999999999,57.394999999999996,4.417058668924659,-4.0,0.4170586689246587,24300,-83.64544644416985,-26.250446444169853,47
2025-04-24 10:44:00,24271.8715258424,24270.284348566744,0.08405426818136075,-67.40499999999999,-127.00999999999999,59.605000000000004,3.765648097198615,-4.0,-0.23435190280138496,24300,-84.10047799344942,-24.495477993449413,47
2025-04-24 10:45:00,24276.395203990356,24274.81338009036,0.08543080045627618,-67.47,-127.00999999999999,59.53999999999999,1.1959804222954338,-1.0,0.19598042229543378,24300,-85.3095584639735,-25.76955846397351,48
2025-04-24 10:46:00,24275.2983962181,24273.72229271736,0.08455189859239633,-66.495,-127.00999999999999,60.514999999999986,1.6454973018249848,-1.0,0.6454973018249848,24300,-85.24130438418892,-24.726304384188936,48
2025-04-24 10:47:00,24270.41985167987,24268.84971272312,0.08134640785817439,-63.96,-127.00999999999999,63.04999999999999,4.604876706089126,-5.0,-0.3951232939108742,24300,-84.90978330450062,-21.85978330450063,49
2025-04-24 10:48:00,24262.797601902923,24261.23360208246,0.07355391355576742,-59.92999999999999,-127.00999999999999,67.08,8.319557580493939,-8.0,0.3195575804939388,24300,-82.27711582421824,-15.197115824218244,50
2025-04-24 10:49:00,24269.121411023472,24267.562651064076,0.07987906164333021,-63.18000000000001,-127.00999999999999,63.829999999999984,5.2471982029261275,-5.0,0.24719820292612749,24300,-85.89135249783475,-22.06135249783476,51
2025-04-24 10:50:00,24267.418115252804,24265.86511179682,0.07886069190840114,-62.00999999999999,-127.00999999999999,65.0,6.027113038185884,-5.0,1.0271130381858837,24300,-85.38757256883031,-20.387572568830308,51
2025-04-24 10:51:00,24271.976401274907,24270.428754275494,0.0810343254236915,-61.425000000000004,-127.00999999999999,65.58499999999998,4.0015432319055435,-5.0,-0.9984567680944565,24300,-86.80141514709597,-21.216415147095987,51
2025-04-24 10:52:00,24266.174439312068,24264.632809078634,0.07705822671284422,-59.735,-127.00999999999999,67.27499999999999,6.651805992290164,-7.0,-0.3481940077098358,24300,-84.83504232224205,-17.560042322242055,52
2025-04-24 10:53:00,24265.98075883673,24264.444787681212,0.07611946511015802,-58.5,-127.00999999999999,68.50999999999999,6.831150274815206,-7.0,-0.1688497251847938,24300,-84.74404014102088,-16.234040141020884,52
2025-04-24 10:54:00,24268.129296546867,24266.598836669393,0.07845817827933305,-59.865,-127.00999999999999,67.14499999999998,5.761794797771932,-7.0,-1.2382052022280678,24300,-86.01812409076537,-18.873124090765387,52
2025-04-24 10:55:00,24267.602676807,24266.077897294042,0.07807545134530654,-59.86499999999999,-127.00999999999999,67.14500000000001,6.0569084773790305,-7.0,-0.9430915226209695,24300,-85.74511024045266,-18.60011024045265,52
2025-04-24 10:56:00,24267.27764654658,24265.758534535016,0.07885863336090164,-62.66,-127.00999999999999,64.35,6.10308483012806,-7.0,-0.8969151698719404,24300,-85.5631022140952,-21.2131022140952,52
2025-04-24 10:57:00,24267.30419752657,24265.79073093956,0.07913150963018414,-62.72500000000001,-127.00999999999999,64.28499999999998,6.087207340483419,-7.0,-0.9127926595165814,24300,-85.47209994815509,-21.187099948155108,52
2025-04-24 10:58:00,24269.451208577244,24267.943255676248,0.07977670138803324,-61.815000000000005,-127.00999999999999,65.195,5.1452918424144976,-5.0,0.14529184241449755,24300,-86.2456514425684,-21.05065144256841,53
2025-04-24 10:59:00,24273.95457786846,24272.451993792896,0.08214241168980614,-61.165000000000006,-127.00999999999999,65.84499999999998,3.139350591544582,-3.0,0.13935059154458207,24300,-87.95200938991755,-22.107009389917565,54
2025-04-24 11:00:00,24272.276373747867,24270.779541802563,0.08084936247403673,-58.629999999999995,-127.00999999999999,68.38,3.932820699749347,-3.0,0.9328206997493469,24300,-87.65949250579679,-19.279492505796796,54
2025-04-24 11:01:00,24264.02739767454,24262.536720759585,0.07334728126381224,-55.055,-127.00999999999999,71.95499999999998,7.942198638823717,-8.0,-0.057801361176283095,24300,-86.00189189297531,-14.046891892975324,55
2025-04-24 11:02:00,24267.354122272445,24265.86888808273,0.07567635525106287,-56.15999999999999,-127.00999999999999,70.85,6.336516894667142,-6.0,0.33651689466714174,24300,-87.71800121389089,-16.868001213890892,56
2025-04-24 11:03:00,24270.379291044235,24268.89951951529,0.07817858320760682,-57.58999999999999,-127.00999999999999,69.42,4.90915850646945,-6.0,-1.09084149353055,24300,-88.84907309358115,-19.429073093581152,56
2025-04-24 11:04:00,24268.92614952822,24267.452114070962,0.07561905799476096,-54.21,-127.00999999999999,72.79999999999998,5.700600507948337,-6.0,-0.2993994920516627,24300,-88.22503784593249,-15.425037845932508,56
2025-04-24 11:05:00,24270.55275616314,24269.084269762843,0.07575122105372327,-54.21000000000001,-127.00999999999999,72.79999999999998,4.980093395985412,-6.0,-1.0199066040145883,24300,-88.92708312303103,-16.127083123031042,56
2025-04-24 11:06:00,24266.094942861295,24264.632372997425,0.07187043711563885,-51.545,-127.00999999999999,75.46499999999999,7.249800631948782,-6.0,1.2498006319487818,24300,-87.24998467727093,-11.784984677270941,56
2025-04-24 11:07:00,24268.376103291175,24266.91904328605,0.07115475508980981,-47.970000000000006,-127.00999999999999,79.03999999999999,6.246752114499907,-6.0,0.2467521144999072,24300,-87.95202985452619,-8.912029854526196,56
2025-04-24 11:08:00,24275.64555310233,24274.193705685568,0.07714237716203416,-52.91000000000001,-127.00999999999999,74.09999999999998,1.8373442504977255,-2.0,-0.16265574950227446,24300,-90.93571116228206,-16.83571116228208,57
2025-04-24 11:09:00,24274.97797739022,24273.5318187871,0.07759491299851752,-51.739999999999995,-127.00999999999999,75.27,2.96420499979502,-2.0,0.9642049997950202,24300,-90.85770723832762,-15.587707238327624,57
2025-04-24 11:10:00,24272.427814430048,24270.98745604645,0.07602575817309574,-50.37499999999999,-127.00999999999999,76.63499999999999,4.177318852362356,-4.0,0.17731885236235634,24300,-90.50668714953245,-13.871687149532463,58
2025-04-24 11:11:00,24270.479165927325,24269.044571022987,0.07364907246321167,-48.815000000000005,-127.00999999999999,78.195,5.2026876585227875,-4.0,1.2026876585227875,24300,-90.03866113093552,-11.84366113093553,58
2025-04-24 11:12:00,24273.829346771534,24272.400202467346,0.07516552137277605,-47.96999999999999,-127.00999999999999,79.03999999999999,3.666373189181611,-4.0,-0.3336268108183891,24300,-90.92271493512017,-11.882714935120177,58
2025-04-24 11:13:00,24271.40418737195,24269.980833913014,0.07369274610505343,-48.23,-127.00999999999999,78.78,4.799436241426429,-4.0,0.7994362414264291,24300,-90.24667683903708,-11.466676839037078,58
2025-04-24 11:14:00,24272.626321615266,24271.20854483388,0.07505705703667245,-49.724999999999994,-127.00999999999999,77.285,4.129863380125484,-4.0,0.12986338012548426,24300,-90.57169752995354,-13.286697529953543,58
2025-04-24 11:15:00,24271.771903305485,24270.359824581057,0.07359646136698825,-47.190000000000005,-127.00999999999999,79.82,4.6470619559778985,-4.0,0.6470619559778985,24300,-90.3766878153695,-10.5566878153695,58
2025-04-24 11:16:00,24269.42757436083,24268.021279630055,0.07339716370496126,-48.75,-127.00999999999999,78.25999999999999,5.686968769683818,-6.0,-0.31303123031618174,24300,-89.79165559164649,-11.531655591646498,59
2025-04-24 11:17:00,24272.802758812355,24271.40191689858,0.07509805794858365,-49.269999999999996,-127.00999999999999,77.74,4.035966084054751,-4.0,0.03596608405475088,24300,-91.0202292138533,-13.280229213853303,60
2025-04-24 11:18:00,24266.355251072797,24264.960428153623,0.06923828208315484,-46.73500000000001,-127.00999999999999,80.27499999999998,7.318972090794131,-7.0,0.3189720907941309,24300,-89.27813070012553,-9.003130700125553,61
2025-04-24 11:19:00,24266.57594892334,24265.186760264587,0.06895051464373123,-45.045,-127.00999999999999,81.96499999999999,7.257187529655841,-7.0,0.257187529655841,24300,-89.25538294508979,-7.290382945089803,61
2025-04-24 11:20:00,24262.92431151314,24261.540977997298,0.0647967995394477,-43.224999999999994,-127.00999999999999,83.785,9.196574145685279,-9.0,0.19657414568527898,24300,-87.6172931030524,-3.8322931030524074,62
2025-04-24 11:21:00,24262.425705551315,24261.04804644606,0.06686067790381671,-45.95500000000001,-127.00999999999999,81.05499999999998,9.25706307899728,-9.0,0.2570630789972803,24300,-87.383284873298,-6.328284873298017,62
2025-04-24 11:22:00,24262.1006842802,24260.728689538766,0.06521763969665083,-43.94,-127.00999999999999,83.07,9.559687854902094,-9.0,0.5596878549020943,24300,-87.20778006075568,-4.137780060755688,62
2025-04-24 11:23:00,24259.879780104984,24258.513556346297,0.06423500974908726,-44.654999999999994,-127.00999999999999,82.35499999999999,10.540541663328117,-11.0,-0.45945833667188296,24300,-85.80370614157711,-3.4487061415771194,63
2025-04-24 11:24:00,24260.144960617134,24258.78436738061,0.0639670699059065,-44.135000000000005,-127.00999999999999,82.87499999999999,10.43113711503302,-11.0,-0.5688628849669808,24300,-86.26848890554518,-3.3934889055451976,63
2025-04-24 11:25:00,24254.953069171235,24253.598411363277,0.06217544708617742,-48.1,-127.00999999999999,78.91,12.729315126985904,-13.0,-0.27068487301409583,24300,-82.47878383677676,-3.5687838367767597,64
2025-04-24 11:26:00,24255.450303135316,24254.10126192273,0.06105136299909332,-45.76,-127.00999999999999,81.25,12.639931426598743,-13.0,-0.3600685734012572,24300,-82.8168114666593,-1.5668114666593027,64
2025-04-24 11:27:00,24247.098454662868,24245.755520388007,0.06428126133868835,-56.80999999999999,-127.00999999999999,70.2,9.543415019786961,-10.0,-0.45658498021303906,24300,-76.01419345199567,-5.8141934519956635,65
2025-04-24 11:28:00,24246.049782135,24244.712548122592,0.06587844896382995,-57.2,-127.00999999999999,69.80999999999999,9.95627422036472,-10.0,-0.04372577963527924,24300,-75.10415120981692,-5.294151209816931,65
2025-04-24 11:29:00,24248.599923107846,24247.26819122449,0.06299515097221209,-56.225,-127.00999999999999,70.785,8.954746314419745,-10.0,-1.0452536855802546,24300,-76.9892629008957,-6.204262900895699,65
2025-04-24 11:30:00,24247.151211388707,24245.82520150881,0.06424991162066662,-58.175000000000004,-127.00999999999999,68.83499999999998,9.555791489713842,-10.0,-0.44420851028615793,24300,-75.94921374564154,-7.114213745641564,65
2025-04-24 11:31:00,24248.52355823757,24247.20311606876,0.06332037755807224,-55.574999999999996,-127.00999999999999,71.435,8.971993563892697,-10.0,-1.0280064361073027,24300,-76.7292641871233,-5.294264187123304,65
2025-04-24 11:32:00,24249.073594222744,24247.75876499223,0.061586746755640666,-53.754999999999995,-127.00999999999999,73.255,8.787764527774547,-10.0,-1.2122354722254531,24300,-77.0542895932695,-3.7992895932695063,65
2025-04-24 11:33:00,24252.950159276526,24251.640763645224,0.06178362408665948,-49.075,-127.00999999999999,77.93499999999999,13.612421600647835,-14.0,-0.3875783993521651,24300,-79.75194294426221,-1.8169429442622231,66
2025-04-24 11:34:00,24252.39878503954,24251.095062843127,0.062079101259174686,-49.39999999999999,-127.00999999999999,77.61,5.4341691465761945,-5.0,0.43416914657619454,24300,-79.11491861111067,-1.5049186111106678,67
2025-04-24 11:35:00,24251.38042625724,24250.082402235166,0.06158988535619762,-50.43999999999999,-127.00999999999999,76.57,5.68342551281425,-5.0,0.6834255128142503,24300,-78.78990480774905,-2.21990480774906,67
2025-04-24 11:36:00,24252.094782531945,24250.802363873427,0.06203779080759852,-48.88,-127.00999999999999,78.13,5.334734012638821,-5.0,0.33473401263882074,24300,-79.04992233256499,-0.9199223325649939,67
2025-04-24 11:37:00,24249.99336735987,24248.706703798758,0.06160424051258028,-50.894999999999996,-127.00999999999999,76.115,8.37141520580315,-8.0,0.37141520580314946,24300,-78.18863024157761,-2.073630241577618,68
2025-04-24 11:38:00,24252.418524560017,24251.137376000694,0.06251063929668485,-49.53000000000001,-127.00999999999999,77.47999999999999,5.16106697286212,-5.0,0.16106697286211968,24300,-79.48870501183056,-2.008705011830571,69
2025-04-24 11:39:00,24256.254273397404,24254.97856678279,0.06421886329983734,-48.425000000000004,-127.00999999999999,78.58499999999998,12.243056967173766,-12.0,0.24305696717376613,24300,-80.87003127883393,-2.285031278833955,70
2025-04-24 11:40:00,24253.579114417233,24252.309192446195,0.06219344685731962,-50.18000000000001,-127.00999999999999,76.82999999999998,4.34025873130278,-4.0,0.3402587313027796,24300,-78.52991666426799,-1.6999166642680024,71
2025-04-24 11:41:00,24256.25032581375,24254.985908549726,0.06444135083741992,-48.75,-127.00999999999999,78.25999999999999,3.645414161673542,-4.0,-0.3545858383264582,24300,-79.28395879019811,-1.0239587901981224,71
2025-04-24 11:42:00,24257.70429192075,24256.445443776942,0.0642042004036028,-45.435,-127.00999999999999,81.57499999999999,3.1691686922195643,-4.0,-0.8308313077804357,24300,-79.63497965049015,1.9400203495098367,71
2025-04-24 11:43:00,24256.874063576593,24255.620903237224,0.06438219502086001,-46.8,-127.00999999999999,80.21,3.34789220440229,-4.0,-0.6521077955977099,24300,-79.45297281009779,0.7570271899022032,71
2025-04-24 11:44:00,24255.026544246088,24253.779123644694,0.060202341387542685,-44.980000000000004,-127.00999999999999,82.02999999999999,3.796993573542778,-4.0,-0.20300642645722178,24300,-79.04995468794577,2.980045312054216,71
2025-04-24 11:45:00,24255.402836440095,24254.16104086642,0.061117908256320186,-44.265,-127.00999999999999,82.74499999999999,3.7629646207007577,-4.0,-0.23703537929924234,24300,-79.140962045817,3.604037954182985,71
2025-04-24 11:46:00,24256.776619462114,24255.540398256526,0.06105290175055626,-43.355000000000004,-127.00999999999999,83.65499999999999,3.343571615834571,-4.0,-0.6564283841654288,24300,-79.40097797467735,4.254022025322641,71
2025-04-24 11:47:00,24256.125310744646,24254.894767283262,0.061330285856096275,-43.42,-127.00999999999999,83.58999999999999,3.6666276599116427,-4.0,-0.33337234008835726,24300,-79.33597729402695,4.254022705973043,71
2025-04-24 11:48:00,24257.399111180817,24256.174147946618,0.062424679889979406,-43.290000000000006,-127.00999999999999,83.71999999999998,3.213583024545812,-4.0,-0.7864169754541881,24300,-79.68699765208419,4.033002347915797,71
2025-04-24 11:49:00,24255.874038617607,24254.65479689244,0.06143908366149563,-43.81,-127.00999999999999,83.19999999999999,3.812316970581616,-4.0,-0.187683029418384,24300,-79.25797863744228,3.9420213625577105,71
2025-04-24 11:50:00,24253.10265689198,24251.88919832411,0.05914849475399256,-44.85000000000001,-127.00999999999999,82.15999999999998,4.732791745137136,-4.0,0.7327917451371357,24300,-78.5429455122924,3.617054487707577,71
2025-04-24 11:51:00,24255.250261465233,24254.042339798547,0.060226021338145704,-42.510000000000005,-127.00999999999999,84.49999999999999,12.897256702142403,-13.0,-0.10274329785759662,24300,-79.07597487396642,5.42402512603357,72
2025-04-24 11:52:00,24255.896574701164,24254.69426535209,0.05870151127639913,-39.78,-127.00999999999999,87.22999999999999,12.662671956011021,-13.0,-0.337328043988979,24300,-79.62526085159519,7.6047391484048035,72
2025-04-24 11:53:00,24255.70151465946,24254.50485943926,0.05811753063588666,-38.935,-127.00999999999999,88.07499999999999,12.772385298125457,-13.0,-0.22761470187454336,24300,-79.54076530596826,8.534234694031724,72
2025-04-24 11:54:00,24254.00265165446,24252.81172431386,0.055008679828244256,-37.309999999999995,-127.00999999999999,89.69999999999999,4.386131962837249,-4.0,0.3861319628372488,24300,-78.01969926075101,11.680300739248977,73
2025-04-24 11:55:00,24255.25270017705,24254.067355814568,0.056880280859611526,-38.02499999999999,-127.00999999999999,88.985,4.018882217311299,-4.0,0.018882217311299243,24300,-78.34471791246231,10.640282087537685,73
2025-04-24 11:56:00,24252.45011916617,24251.270555472205,0.05334128941368478,-37.7,-127.00999999999999,89.30999999999999,5.091552020699757,-4.0,1.0915520206997567,24300,-77.66868772500607,11.641312274993922,73
2025-04-24 11:57:00,24249.40118111919,24248.227408715404,0.05440678192645837,-41.405,-127.00999999999999,85.60499999999999,8.927524859556396,-9.0,-0.07247514044360415,24300,-76.8366503007818,8.768349699218192,74
2025-04-24 11:58:00,24251.627486972156,24250.459250324573,0.05517847052296583,-39.84499999999999,-127.00999999999999,87.16499999999999,5.68647546065005,-6.0,-0.3135245393499497,24300,-78.15297055771414,9.01202944228585,75
2025-04-24 11:59:00,24252.22270961559,24251.060087953792,0.05445953329708199,-37.699999999999996,-127.00999999999999,89.31,5.464013285135596,-6.0,-0.5359867148644044,24300,-78.38698613715307,10.923013862846929,75
2025-04-24 12:00:00,24252.020325775742,24250.86335742873,0.054565974592168845,-36.78999999999999,-127.00999999999999,90.22,5.700214136795251,-6.0,-0.2997858632047494,24300,-78.25048393173421,11.96951606826579,75
2025-04-24 12:01:00,24251.945345016706,24250.79402384335,0.054876152127417456,-35.815,-127.00999999999999,91.195,5.760803619537015,-6.0,-0.2391963804629853,24300,-78.3479928991423,12.847007100857695,75
2025-04-24 12:02:00,24255.095516650857,24253.94969025929,0.05667653092393273,-34.06,-127.00999999999999,92.94999999999999,12.963939030129245,-13.0,-0.036060969870755244,24300,-79.45954972544608,13.490450274553908,76
2025-04-24 12:03:00,24253.42516100976,24252.28505747048,0.055299360620582085,-34.385,-127.00999999999999,92.625,13.57564047936065,-13.0,0.5756404793606507,24300,-77.98073899971101,14.644261000288992,76
2025-04-24 12:04:00,24255.002572758116,24253.868039379962,0.05688372130113981,-34.19000000000001,-127.00999999999999,92.81999999999998,12.955745366472232,-13.0,-0.044254633527767595,24300,-79.33281137745277,13.487188622547208,76
2025-04-24 12:05:00,24255.695610835603,24254.566689515017,0.05752142990076632,-33.93,-127.00999999999999,93.07999999999998,12.652808085585615,-13.0,-0.3471919144143847,24300,-80.00885166167987,13.071148338320114,76
2025-04-24 12:06:00,24259.300430701252,24258.176986918017,0.05950782808262988,-32.37000000000001,-127.00999999999999,94.63999999999999,11.192149076668354,-11.0,0.192149076668354,24300,-82.92424533532275,11.715754664677235,77
2025-04-24 12:07:00,24257.970759558517,24256.853022358766,0.05750682116637156,-32.629999999999995,-127.00999999999999,94.38,11.783940944933367,-11.0,0.7839409449333665,24300,-82.10196420255454,12.278035797445455,77
2025-04-24 12:08:00,24257.452633881712,24256.340565443097,0.05649927598852246,-32.63,-127.00999999999999,94.38,11.985018222416974,-11.0,0.9850182224169739,24300,-81.70870312066265,12.671296879337348,77
2025-04-24 12:09:00,24256.25142543051,24255.145056669764,0.054554462877459055,-31.589999999999996,-127.00999999999999,95.41999999999999,12.453848716835168,-12.0,0.4538487168351679,24300,-81.02942917626696,14.390570823733029,78
2025-04-24 12:10:00,24255.92073077794,24254.82002163428,0.05348085761663828,-30.940000000000005,-127.00999999999999,96.07,12.540466916491274,-12.0,0.5404669164912743,24300,-80.6394193287573,15.430580671242694,78
2025-04-24 12:11:00,24253.45128446968,24252.356331347193,0.0507698524777061,-31.395000000000003,-127.00999999999999,95.61499999999998,13.38015735643704,-13.0,0.3801573564370404,24300,-78.72834099218248,16.8866590078175,79
2025-04-24 12:12:00,24251.7000763565,24250.610845848536,0.04996060629381665,-32.565,-127.00999999999999,94.445,5.6098374068095085,-6.0,-0.3901625931904915,24300,-77.24953365874178,17.19546634125821,80
2025-04-24 12:13:00,24250.046651019486,24248.9631379433,0.048132128947700734,-33.28000000000001,-127.00999999999999,93.72999999999999,8.793571378411443,-9.0,-0.20642862158855735,24300,-76.5475066435111,17.18249335648889,81
2025-04-24 12:14:00,24251.695630551858,24250.61768735342,0.049850782068062566,-33.475,-127.00999999999999,93.535,5.6515899816697495,-6.0,-0.34841001833025054,24300,-77.60056022277212,15.93443977722788,82
2025-04-24 12:15:00,24252.40010612177,24251.327775331527,0.04987691758299144,-32.565000000000005,-127.00999999999999,94.445,5.062001975975374,-6.0,-0.9379980240246262,24300,-77.81507405954171,16.62992594045828,82
2025-04-24 12:16:00,24254.02627665525,24252.959518063715,0.048474207510861136,-29.510000000000005,-127.00999999999999,97.49999999999999,12.984029782492055,-13.0,-0.01597021750794525,24300,-78.51710923900116,18.982890760998828,83
2025-04-24 12:17:00,24255.145850127657,24254.084686656624,0.05013506363077643,-30.03,-127.00999999999999,96.97999999999999,12.674964021049433,-13.0,-0.3250359789505666,24300,-79.4044070254024,17.575592974597583,83
2025-04-24 12:18:00,24255.22740334896,24254.17188069268,0.04918113679286877,-28.924999999999997,-127.00999999999999,98.085,12.57789051362718,-13.0,-0.4221094863728201,24300,-79.48891946377108,18.59608053622891,83
2025-04-24 12:19:00,24257.352482480343,24256.30251222484,0.05290751549210067,-30.159999999999997,-127.00999999999999,96.85,11.988049612688732,-13.0,-1.011950387311268,24300,-81.43251233239693,15.41748766760307,83
2025-04-24 12:20:00,24256.677440072097,24255.63314375832,0.05228631959872594,-29.835,-127.00999999999999,97.17499999999998,12.227306719507531,-13.0,-0.7726932804924687,24300,-80.71423969804867,16.46076030195131,83
2025-04-24 12:21:00,24257.67746970327,24256.638775293108,0.052301439163039254,-28.92500000000001,-127.00999999999999,98.08499999999998,11.824521622003399,-13.0,-1.1754783779966012,24300,-81.60153614718604,16.48346385281394,83
2025-04-24 12:22:00,24256.501341531715,24255.46834216684,0.05132764949422346,-28.795,-127.00999999999999,98.21499999999999,12.218882777297951,-13.0,-0.7811172227020489,24300,-80.67200481103609,17.5429951889639,83
2025-04-24 12:23:00,24252.17720990241,24251.150038366613,0.044804506640764824,-28.665000000000006,-127.00999999999999,98.34499999999998,4.536469866892544,-5.0,-0.46353013310745617,24300,-77.03835937803615,21.306640621963837,84
2025-04-24 12:24:00,24253.14592040173,24252.124351743587,0.04618137910462696,-27.884999999999998,-127.00999999999999,99.125,4.408273714790009,-5.0,-0.5917262852099912,24300,-77.33087528036118,21.794124719638816,84
2025-04-24 12:25:00,24252.245905240306,24251.230018189857,0.045176011410171205,-27.625000000000007,-127.00999999999999,99.38499999999999,4.847401561538049,-5.0,-0.15259843846195142,24300,-77.02211586010245,22.362884139897545,84
2025-04-24 12:26:00,24251.17713181729,24250.1669329867,0.0450143734800351,-28.665,-127.00999999999999,98.345,5.395795768319481,-5.0,0.3957957683194806,24300,-76.69710590662024,21.64789409337976,84
2025-04-24 12:27:00,24251.5521354417,24250.547564529348,0.04530876717139859,-28.145000000000003,-127.00999999999999,98.86499999999998,5.359028716283462,-5.0,0.3590287162834622,24300,-76.82711495263449,22.037885047365492,84
2025-04-24 12:28:00,24251.72713065318,24250.728196073313,0.04584158684246451,-28.339999999999996,-127.00999999999999,98.66999999999999,5.260856303687659,-5.0,0.26085630368765944,24300,-76.84336925255482,21.826630747445165,84
2025-04-24 12:29:00,24250.70207663215,24249.708827618582,0.04545520410049178,-29.770000000000003,-127.00999999999999,97.23999999999998,5.680772607670158,-5.0,0.6807726076701579,24300,-76.50210890199129,20.73789109800869,84
2025-04-24 12:30:00,24250.927073996325,24249.93945916517,0.04502756115386801,-29.054999999999996,-127.00999999999999,97.955,5.625038526173448,-5.0,0.6250385261734479,24300,-76.6321179026212,21.322882097378795,84
2025-04-24 12:31:00,24254.352200835798,24253.370090713055,0.047293359167619904,-26.325,-127.00999999999999,100.68499999999999,12.55937713963794,-13.0,-0.4406228603620601,24300,-77.70466500810815,22.980334991891837,85
2025-04-24 12:32:00,24251.32404682008,24250.347702806463,0.04701788812740133,-29.575000000000003,-127.00999999999999,97.43499999999999,5.5152969348396566,-6.0,-0.48470306516034345,24300,-75.16957185485157,22.26542814514842,86
2025-04-24 12:33:00,24249.626986404593,24248.656353812778,0.04538692646978629,-29.77,-127.00999999999999,97.24,9.113295132029368,-9.0,0.1132951320293678,24300,-74.50654969997126,22.733450300028736,87
2025-04-24 12:34:00,24249.949998010223,24248.98499566494,0.043939660677226815,-28.794999999999998,-127.00999999999999,98.21499999999999,8.987559882672768,-9.0,-0.012440117327232159,24300,-74.68206349136993,23.53293650863006,87
2025-04-24 12:35:00,24244.60077543185,24243.641627885623,0.0508320008437855,-35.295,-127.00999999999999,91.71499999999999,11.612350723005422,-12.0,-0.3876492769945781,24300,-71.37668949269022,20.33831050730977,88
2025-04-24 12:36:00,24245.623844677655,24244.670298829016,0.0514752123870897,-34.84,-127.00999999999999,92.16999999999999,11.0738669488366,-12.0,-0.9261330511634007,24300,-72.35173788709005,19.818262112909935,88
2025-04-24 12:37:00,24247.724911053425,24246.776925234604,0.04796827676013944,-31.720000000000002,-127.00999999999999,95.28999999999999,10.086270038472506,-10.0,0.08627003847250592,24300,-74.10681632363944,21.183183676360557,89
2025-04-24 12:38:00,24249.67401575228,24248.731596848178,0.044556612400691586,-28.925,-127.00999999999999,98.085,9.122020970877667,-10.0,-0.8779790291223328,24300,-75.37437342809278,22.710626571907213,89
2025-04-24 12:39:00,24250.70195863941,24249.765143143384,0.045966353543097076,-29.965000000000007,-127.00999999999999,97.04499999999999,5.639949996536647,-6.0,-0.36005000346335336,24300,-76.024406087356,21.02059391264399,90
2025-04-24 12:40:00,24251.099082258785,24250.1678948726,0.046386753150116,-29.77,-127.00999999999999,97.24,13.607545515248962,-14.0,-0.3924544847510383,24300,-76.16091576718573,21.079084232814267,91
2025-04-24 12:41:00,24250.27405633361,24249.34854388679,0.04612715121711882,-30.485000000000003,-127.00999999999999,96.52499999999999,5.69404899598297,-6.0,-0.3059510040170297,24300,-75.38739652739994,21.13760347260005,92
2025-04-24 12:42:00,24252.35198583234,24251.432037826373,0.04674464813169777,-28.534999999999993,-127.00999999999999,98.475,13.137744725906959,-13.0,0.13774472590695908,24300,-76.2259328185744,22.249067181425588,93
2025-04-24 12:43:00,24253.50201700528,24252.587669389995,0.04930429839036395,-28.469999999999995,-127.00999999999999,98.53999999999999,12.875104889749165,-13.0,-0.12489511025083466,24300,-77.15547715359659,21.3845228464034,93
2025-04-24 12:44:00,24253.896399295743,24252.987680919523,0.050142079173747245,-29.055000000000003,-127.00999999999999,97.95499999999998,12.75894182462305,-13.0,-0.24105817537694918,24300,-77.32449256132797,20.630507438672012,93
2025-04-24 12:45:00,24255.650210381027,24254.747070811503,0.053039734148354015,-28.599999999999998,-127.00999999999999,98.41,12.266890315647055,-13.0,-0.7331096843529448,24300,-78.88780980610447,19.522190193895526,93
2025-04-24 12:46:00,24254.102001854353,24253.204564088723,0.050945105623994985,-28.534999999999997,-127.00999999999999,98.475,12.668537059494767,-13.0,-0.33146294050523295,24300,-77.66252314080181,20.812476859198185,93
2025-04-24 12:47:00,24257.026177563297,24256.134276438217,0.054261781472775494,-28.47,-127.00999999999999,98.53999999999999,11.777821501608777,-13.0,-1.222178498391223,24300,-80.11312220358369,18.426877796416306,93
2025-04-24 12:48:00,24254.999269252003,24254.113087022884,0.05100312447609334,-28.47,-127.00999999999999,98.53999999999999,12.305811031979129,-13.0,-0.694188968020871,24300,-78.25406266785053,20.28593733214946,93
2025-04-24 12:49:00,24255.776117276324,24254.89555121535,0.05111354242482023,-26.975,-127.00999999999999,100.035,12.009925008654704,-13.0,-0.9900749913452955,24300,-78.93009602973562,21.104903970264374,93
2025-04-24 12:50:00,24253.57152176252,24252.696679775163,0.048409902234006416,-26.39,-127.00999999999999,100.61999999999999,12.562286893933376,-13.0,-0.4377131060666244,24300,-77.07103763458902,23.548962365410972,93
2025-04-24 12:51:00,24255.400193531794,24254.530930049335,0.05147009242626931,-25.935,-127.00999999999999,101.07499999999999,12.107152674803435,-13.0,-0.8928473251965645,24300,-78.6343527554907,22.440647244509293,93
2025-04-24 12:52:00,24254.37426561606,24253.510683129574,0.049487459723802266,-25.154999999999994,-127.00999999999999,101.85499999999999,12.31457628463667,-13.0,-0.6854237153633296,24300,-77.66257688630664,24.19242311369335,93
2025-04-24 12:53:00,24253.625128229905,24252.767216472443,0.04821418754937214,-24.895,-127.00999999999999,102.115,12.482358092317419,-13.0,-0.5176419076825809,24300,-77.11331641484108,25.001683585158915,93
2025-04-24 12:54:00,24251.796549149716,24250.9443457053,0.04568112052192004,-24.765,-127.00999999999999,102.24499999999999,12.950502378136136,-13.0,-0.04949762186386408,24300,-75.63452353542799,26.610476464572002,93
2025-04-24 12:55:00,24253.551869340292,24252.705248255657,0.047474015076367594,-23.92,-127.00999999999999,103.08999999999999,12.392145753142715,-13.0,-0.6078542468572845,24300,-77.07108311076459,26.0189168892354,93
2025-04-24 12:56:00,24253.076840406902,24252.235879836317,0.04714971152541673,-23.334999999999994,-127.00999999999999,103.675,12.524460227654206,-13.0,-0.4755397723457939,24300,-76.64857755555433,27.02642244444567,93
2025-04-24 12:57:00,24252.52164268191,24251.686345166745,0.04671231111516788,-23.92,-127.00999999999999,103.08999999999999,12.646213531906444,-13.0,-0.3537864680935563,24300,-76.31057510742,26.779424892579996,93
2025-04-24 12:58:00,24252.62166878789,24251.79201165653,0.046142487897433436,-23.14,-127.00999999999999,103.86999999999999,12.53350400343751,-13.0,-0.4664959965624895,24300,-76.3105843796318,27.559415620368185,93
2025-04-24 12:59:00,24251.874214272364,24251.05022636689,0.044930704079192516,-21.97,-127.00999999999999,105.03999999999999,12.68935513104826,-13.0,-0.3106448689517407,24300,-75.33881063429492,29.701189365705076,93
2025-04-24 13:00:00,24250.199163131805,24249.380875406052,0.04164952567408221,-22.555,-127.00999999999999,104.45499999999998,6.5582253706781035,-7.0,-0.4417746293218965,24300,-74.15578021269108,30.2992197873089,94
2025-04-24 13:01:00,24250.601695705147,24249.789037759256,0.04315173124359152,-23.01,-127.00999999999999,103.99999999999999,13.03816161609583,-13.0,0.03816161609582913,24300,-74.42879462420181,29.571205375798172,95
2025-04-24 13:02:00,24253.401777111074,24252.594669347774,0.045860593141071195,-22.555,-127.00999999999999,104.45499999999998,12.100110499742296,-13.0,-0.8998895002577036,24300,-76.71038020644977,27.744619793550214,95
2025-04-24 13:03:00,24252.022588431093,24251.221170260636,0.04441439214418738,-22.75,-127.00999999999999,104.25999999999999,12.51423736792059,-13.0,-0.4857626320794104,24300,-75.23159046364034,29.028409536359646,95
2025-04-24 13:04:00,24251.90170303529,24251.105932528746,0.043707641887214266,-22.490000000000002,-127.00999999999999,104.51999999999998,12.502493582327562,-13.0,-0.4975064176724384,24300,-75.56961102355078,28.950388976449204,95
2025-04-24 13:05:00,24253.825939148956,24253.03574962133,0.04841813993889879,-23.66,-127.00999999999999,103.35,12.130515235264216,-13.0,-0.869484764735784,24300,-77.0906699695272,26.259330030472796,95
2025-04-24 13:06:00,24253.601733870535,24252.817195714968,0.04800482848435944,-24.05,-127.00999999999999,102.96,12.138333376486727,-13.0,-0.8616666235132726,24300,-77.09067900573793,25.86932099426207,95
2025-04-24 13:07:00,24251.326648333445,24250.547827310038,0.044051759540642506,-23.400000000000002,-127.00999999999999,103.60999999999999,12.666421940972155,-13.0,-0.333578059027845,24300,-75.10487426838468,28.50512573161531,95
2025-04-24 13:08:00,24252.172678129275,24251.3994736735,0.04417026161385165,-21.645000000000003,-127.00999999999999,105.36499999999998,12.295650760046613,-13.0,-0.7043492399533875,24300,-75.65415127839802,29.710848721601963,95
2025-04-24 13:09:00,24251.92822594199,24251.160672961752,0.04268657210888409,-21.644999999999996,-127.00999999999999,105.365,12.22933431654695,-13.0,-0.7706656834530499,24300,-75.56965797447279,29.795342025527205,95
2025-04-24 13:10:00,24252.45164784415,24251.689722103118,0.04340250512617109,-21.19,-127.00999999999999,105.82,12.07183199084941,-13.0,-0.9281680091505908,24300,-76.0344319659011,29.785568034098887,95
2025-04-24 13:11:00,24251.498487541867,24250.742235330305,0.042429988110008046,-21.384999999999998,-127.00999999999999,105.625,12.368208335978123,-13.0,-0.6317916640218773,24300,-74.9359069915226,30.6890930084774,95
2025-04-24 13:12:00,24253.32587671479,24252.575211529555,0.04327657709692046,-19.824999999999996,-127.00999999999999,107.185,11.646275757145006,-12.0,-0.3537242428549945,24300,-76.71047145347117,30.47452854652883,96
2025-04-24 13:13:00,24251.450044542915,24250.70508099252,0.03994828615140438,-20.28,-127.00999999999999,106.72999999999999,12.093104900021956,-12.0,0.09310490002195593,24300,-75.22843435032863,31.501565649671363,96
2025-04-24 13:14:00,24251.400804844343,24250.661486372283,0.04001431210921477,-20.54,-127.00999999999999,106.47,12.093047888305776,-12.0,0.09304788830577593,24300,-75.18944192904259,31.28055807095741,96
2025-04-24 13:15:00,24249.474984116754,24248.741367473423,0.03895315082465002,-21.189999999999998,-127.00999999999999,105.82,9.562279482103826,-10.0,-0.4377205178961745,24300,-73.82440940936398,31.995590590636013,97
2025-04-24 13:16:00,24250.900777545918,24250.172761220256,0.03857184588419109,-19.369999999999997,-127.00999999999999,107.63999999999999,12.16015729206892,-12.0,0.16015729206892004,24300,-74.60444040449624,33.03555959550374,98
2025-04-24 13:17:00,24250.97651846129,24250.254143332855,0.03873869942248441,-19.305,-127.00999999999999,107.70499999999998,12.135074020818417,-12.0,0.13507402081841668,24300,-74.68245160458358,33.02254839541641,98
2025-04-24 13:18:00,24251.326516942605,24250.609774942342,0.03797647306125311,-18.85,-127.00999999999999,108.16,11.899817846612036,-12.0,-0.10018215338796388,24300,-75.07247198972156,33.08752801027843,98
2025-04-24 13:19:00,24249.37571474576,24248.664673502062,0.03714132773767125,-19.240000000000002,-127.00999999999999,107.76999999999998,9.654137687770536,-10.0,-0.34586231222946395,24300,-73.43443272648307,34.335567273516915,99
2025-04-24 13:20:00,24248.402135219083,24247.696765398552,0.03836002163250148,-20.735000000000007,-127.00999999999999,106.27499999999998,10.218469838432377,-10.0,0.21846983843237666,24300,-72.84942333279447,33.425576667205505,99
2025-04-24 13:21:00,24248.97497042111,24248.275226947637,0.03778677891289098,-20.15,-127.00999999999999,106.85999999999999,9.917463195819286,-10.0,-0.08253680418071419,24300,-73.10943859594165,33.75056140405833,99
2025-04-24 13:22:00,24247.552076724067,24246.85801699114,0.039088475967013266,-21.06,-127.00999999999999,105.94999999999999,10.767124731752585,-10.0,0.7671247317525847,24300,-72.1019174562243,33.84808254377569,99
2025-04-24 13:23:00,24249.6014082434,24248.91293300945,0.036065532882941544,-19.305,-127.00999999999999,107.70499999999998,9.586208245671301,-10.0,-0.41379175432869886,24300,-73.66196968191669,34.0430303180833,99
2025-04-24 13:24:00,24251.37644668298,24250.693564626803,0.037640043499214196,-18.784999999999997,-127.00999999999999,108.225,11.710630692043605,-12.0,-0.28936930795639526,24300,-74.86451111456438,33.360488885435615,100
2025-04-24 13:25:00,24250.950026530227,24250.272799956714,0.036314849469779184,-19.044999999999998,-127.00999999999999,107.96499999999999,11.79538036439348,-12.0,-0.20461963560651952,24300,-74.43550788358446,33.529492116415526,100
2025-04-24 13:26:00,24250.478474883363,24249.806904845198,0.034268426070162616,-17.875,-127.00999999999999,109.13499999999999,11.854752254944374,-12.0,-0.14524774505562554,24300,-74.04550593234089,35.0894940676591,100
2025-04-24 13:27:00,24250.22637923404,24249.56045948672,0.03431754701777037,-17.68,-127.00999999999999,109.32999999999998,11.989003052605854,-12.0,-0.010996947394145806,24300,-73.85050951753344,35.479490482466545,100
2025-04-24 13:28:00,24250.17704689358,24249.516771800325,0.03377474750463789,-17.549999999999997,-127.00999999999999,109.46,11.950538085370505,-12.0,-0.049461914629494785,24300,-73.7725163792089,35.6874836207911,100
2025-04-24 13:29:00,24250.001349782855,24249.346722733226,0.03360131334100057,-17.159999999999997,-127.00999999999999,109.85,9.373586052910929,-9.0,0.3735860529109285,24300,-73.73352433001762,36.11647566998238,101
2025-04-24 13:30:00,24250.100671749613,24249.451685303025,0.03410117839127369,-17.81,-127.00999999999999,109.19999999999999,11.976916848741224,-12.0,-0.023083151258775914,24300,-73.73353108955382,35.46646891044617,102
2025-04-24 13:31:00,24252.650070305055,24252.006659509734,0.037910213954924075,-17.16,-127.00999999999999,109.85,11.00304108161517,-12.0,-0.9969589183848306,24300,-75.76159390552971,34.08840609447029,102
2025-04-24 13:32:00,24251.57504141854,24250.937302773164,0.03617346018823822,-16.835,-127.00999999999999,110.17499999999998,11.345133400863281,-12.0,-0.6548665991367191,24300,-74.8645788574297,35.31042114257028,102
2025-04-24 13:33:00,24251.425037142282,24250.79294603791,0.036000787487110456,-16.9,-127.00999999999999,110.10999999999999,11.37312273214253,-12.0,-0.6268772678574699,24300,-74.70858354082452,35.401416459175465,102
2025-04-24 13:34:00,24250.725018728226,24250.098589303972,0.035606885432807794,-17.810000000000002,-127.00999999999999,109.19999999999999,11.652916315720466,-12.0,-0.34708368427953395,24300,-74.27958124467978,34.92041875532021,102
2025-04-24 13:35:00,24249.376263966038,24248.755512504187,0.03497574513861511,-17.549999999999997,-127.00999999999999,109.46,9.80868102988491,-10.0,-0.19131897011508947,24300,-73.2265631742406,36.2334368257594,103
2025-04-24 13:36:00,24249.150612603105,24248.535509988647,0.03460440293146292,-17.355,-127.00999999999999,109.65499999999999,9.998661940100693,-10.0,-0.0013380598993073534,24300,-72.99906501225071,36.655934987749276,103
2025-04-24 13:37:00,24242.05105687899,24241.441775771655,0.04551427654401406,-25.349999999999998,-127.00999999999999,101.66,13.883585946504596,-14.0,-0.11641405349540435,24300,-68.74146566667748,32.91853433332251,104
2025-04-24 13:38:00,24244.050474366726,24243.44678489435,0.043575583800643164,-23.205000000000002,-127.00999999999999,103.80499999999999,12.836825725999384,-14.0,-1.1631742740006157,24300,-69.97000837147263,33.83499162852736,104
2025-04-24 13:39:00,24243.724845205685,24243.126805653963,0.045618402853708995,-24.634999999999998,-127.00999999999999,102.375,12.95373172189961,-14.0,-1.0462682781003902,24300,-69.7880157096575,32.5869842903425,104
2025-04-24 13:40:00,24246.321855737224,24245.729394540933,0.0407011371459685,-21.060000000000002,-127.00999999999999,105.94999999999999,11.62403123709622,-12.0,-0.37596876290377956,24300,-72.06308317105207,33.88691682894792,105
2025-04-24 13:41:00,24245.62489411201,24245.038092203155,0.042239858582663665,-21.71,-127.00999999999999,105.29999999999998,11.975968008840088,-12.0,-0.02403199115991228,24300,-71.59508156469727,33.704918435302716,105
2025-04-24 13:42:00,24244.74987415621,24244.168735479718,0.044309581427703165,-22.555,-127.00999999999999,104.45499999999998,12.430432436044203,-12.0,0.4304324360442031,24300,-70.89307456713371,33.561925432866275,105
2025-04-24 13:43:00,24246.276098453825,24245.70056560552,0.04172778750643921,-20.995,-127.00999999999999,106.01499999999999,11.658067174216411,-12.0,-0.34193282578358897,24300,-72.14111418447928,33.87388581552071,105
2025-04-24 13:44:00,24248.251134106522,24247.681197249087,0.037961102321799264,-18.199999999999996,-127.00999999999999,108.81,10.55673519080107,-11.0,-0.4432648091989293,24300,-73.74016147112995,35.06983852887005,106
2025-04-24 13:45:00,24247.924951710447,24247.360665317297,0.038422748950561775,-18.655,-127.00999999999999,108.35499999999999,10.782162894453318,-11.0,-0.2178371055466819,24300,-73.38266170418296,34.972338295817025,106
2025-04-24 13:46:00,24249.901149663638,24249.342460540145,0.03599914358938684,-16.185,-127.00999999999999,110.82499999999999,9.549692928558231,-10.0,-0.4503070714417685,24300,-74.88420493378621,35.94079506621378,107
2025-04-24 13:47:00,24249.25112322643,24248.698092187642,0.03539449921495855,-16.64,-127.00999999999999,110.36999999999999,9.981362516947438,-10.0,-0.01863748305256152,24300,-74.46170283124104,35.90829716875895,107
2025-04-24 13:48:00,24249.226111200463,24248.678723836452,0.03432103542597741,-15.079999999999998,-127.00999999999999,111.92999999999999,10.020825201031135,-10.0,0.020825201031135165,24300,-74.39670899551784,37.53329100448215,107
2025-04-24 13:49:00,24247.749391202804,24247.207679935393,0.03681926992163685,-16.509999999999998,-127.00999999999999,110.5,10.984154394327412,-10.0,0.9841543943274118,24300,-73.4541955856585,37.045804414341504,107
2025-04-24 13:50:00,24249.475541104515,24248.93943443876,0.034773172523130134,-15.080000000000002,-127.00999999999999,111.92999999999999,9.886290544139403,-10.0,-0.11370945586059733,24300,-74.75423219269915,37.17576780730084,107
2025-04-24 13:51:00,24248.301603491385,24247.77116567215,0.03618334188263919,-15.795000000000002,-127.00999999999999,111.21499999999999,10.69147190933472,-10.0,0.6914719093347195,24300,-73.81171913832063,37.40328086167936,107
2025-04-24 13:52:00,24248.37550590541,24247.8507093812,0.035991651947224174,-15.469999999999999,-127.00999999999999,111.53999999999999,10.644847115332956,-10.0,0.644847115332956,24300,-73.87672832796095,37.663271672039045,107
2025-04-24 13:53:00,24248.075494042416,24247.556346854377,0.03771101209785996,-15.989999999999998,-127.00999999999999,111.02,10.826976587037421,-10.0,0.8269765870374215,24300,-73.64923122483258,37.37076877516742,107
2025-04-24 13:54:00,24248.57549926112,24248.061984328877,0.0361938422908287,-15.860000000000003,-127.00999999999999,111.14999999999999,10.515854787644086,-10.0,0.515854787644086,24300,-74.0067466164683,37.143253383531686,107
2025-04-24 13:55:00,24248.775497963645,24248.267621804687,0.037294527929499985,-16.119999999999997,-127.00999999999999,110.88999999999999,10.369178223230346,-10.0,0.369178223230346,24300,-74.07175571534012,36.81824428465987,107
2025-04-24 13:56:00,24250.898983034902,24250.396705904976,0.03832790139744612,-15.145,-127.00999999999999,111.865,11.424553333734385,-11.0,0.4245533337343854,24300,-75.40429103656791,36.46070896343208,108
2025-04-24 13:57:00,24249.600503793175,24249.103896760247,0.03745895062580315,-15.73,-127.00999999999999,111.27999999999999,9.828364551776145,-11.0,-1.1716354482238547,24300,-74.58203235082703,36.69796764917295,108
2025-04-24 13:58:00,24250.5005162902,24250.00953423999,0.03707296943013271,-14.885000000000002,-127.00999999999999,112.12499999999999,11.50156133837709,-11.0,0.5015613383770905,24300,-75.11830155290583,37.00669844709415,108
2025-04-24 13:59:00,24250.475509855423,24249.99017172105,0.03775885940816466,-14.690000000000001,-127.00999999999999,112.32,11.551091032075076,-11.0,0.5510910320750764,24300,-75.29706335039947,37.022936649600524,108
2025-04-24 14:00:00,24255.700112753006,24255.22031468247,0.04384412773833064,-10.595,-127.00999999999999,116.41499999999999,9.448352044037717,-9.0,0.44835204403771733,24300,-78.87214224669043,37.54285775330956,109
2025-04-24 14:01:00,24252.125530253237,24251.651446687098,0.039087204109852954,-12.610000000000001,-127.00999999999999,114.39999999999999,10.715647616793639,-11.0,-0.284352383206361,24300,-76.79535766003055,37.604642339969445,110
2025-04-24 14:02:00,24251.000985104984,24250.532567057362,0.03644388024539056,-12.415,-127.00999999999999,114.595,11.080399952099384,-11.0,0.08039995209938411,24300,-76.15185316744491,38.44314683255509,110
2025-04-24 14:03:00,24252.976488001717,24252.51367579326,0.03963636276246714,-12.024999999999999,-127.00999999999999,114.98499999999999,10.260570451747403,-11.0,-0.7394295482525965,24300,-77.438885814219,37.54611418578098,110
2025-04-24 14:04:00,24253.476008021877,24253.018830395602,0.040740167307946724,-11.96,-127.00999999999999,115.04999999999998,10.087919676050259,-11.0,-0.9120803239497413,24300,-77.93940303617184,37.110596963828144,110
2025-04-24 14:05:00,24253.325992784405,24252.87446206669,0.040976049324928,-11.765,-127.00999999999999,115.24499999999999,10.169367718286686,-11.0,-0.8306322817133136,24300,-77.8321587103117,37.41284128968829,110
2025-04-24 14:06:00,24251.9000349313,24251.454174511277,0.03773725331854486,-11.505,-127.00999999999999,115.505,10.618524400417682,-11.0,-0.381475599582318,24300,-76.79539734561085,38.709602654389144,110
2025-04-24 14:07:00,24252.500952989027,24252.060725412797,0.03811828567289647,-10.790000000000001,-127.00999999999999,116.21999999999998,10.29118143019612,-11.0,-0.7088185698038796,24300,-77.18866242106097,39.03133757893902,110
2025-04-24 14:08:00,24253.300507120424,24252.865909109598,0.03941118057666053,-10.465000000000002,-127.00999999999999,116.54499999999999,9.959442282596068,-11.0,-1.0405577174039315,24300,-77.79643115719651,38.74856884280348,110
2025-04-24 14:09:00,24252.150038026462,24251.72110444341,0.037421027462981496,-10.854999999999999,-127.00999999999999,116.15499999999999,10.392695760248559,-11.0,-0.607304239751441,24300,-76.86692242153583,39.288077578464154,110
2025-04-24 14:10:00,24251.85090499018,24251.427620441787,0.03777497468069394,-11.310000000000002,-127.00999999999999,115.69999999999999,10.567105006780558,-11.0,-0.4328949932194419,24300,-76.65242659811705,39.04757340188294,110
2025-04-24 14:11:00,24253.000912728014,24252.58325212073,0.0385458730079504,-10.270000000000001,-127.00999999999999,116.74,9.966077890316807,-11.0,-1.0339221096831928,24300,-77.47469872869931,39.265301271300686,110
2025-04-24 14:12:00,24251.47544977216,24251.063459094177,0.03709169465620615,-11.31,-127.00999999999999,115.69999999999999,10.689465479057027,-11.0,-0.31053452094297285,24300,-76.43793889483257,39.26206110516742,110
2025-04-24 14:13:00,24252.22587507371,24251.81951548257,0.037643400212018924,-10.334999999999999,-127.00999999999999,116.675,10.27106888060324,-11.0,-0.7289311193967603,24300,-76.97420590044945,39.70079409955055,110
2025-04-24 14:14:00,24252.250863332883,24251.85014716545,0.03672690605793918,-8.905000000000001,-127.00999999999999,118.10499999999999,10.152496046321861,-11.0,-0.8475039536781388,24300,-76.93846320524457,41.166536794755416,110
2025-04-24 14:15:00,24252.27503706065,24251.879964343134,0.03641786559547072,-8.905000000000001,-127.00999999999999,118.10499999999999,10.084687209861547,-11.0,-0.9153127901384526,24300,-76.97422169144401,41.130778308555975,110
2025-04-24 14:16:00,24249.601197902462,24249.211811970545,0.03289958619615421,-10.205000000000002,-127.00999999999999,116.80499999999999,9.922862583700095,-11.0,-1.0771374162999052,24300,-75.04369858759864,41.76130141240135,110
2025-04-24 14:17:00,24250.750803116316,24250.367042221962,0.03406058402278331,-9.815,-127.00999999999999,117.195,10.807995688233953,-11.0,-0.1920043117660466,24300,-75.86596994442836,41.329030055571636,110
2025-04-24 14:18:00,24251.25001949029,24250.871894310727,0.03449131629349468,-9.685000000000002,-127.00999999999999,117.32499999999999,10.47768376258091,-11.0,-0.5223162374190906,24300,-76.25923422947602,41.06576577052397,110
2025-04-24 14:19:00,24252.14964903523,24251.77715365407,0.03600341149364522,-9.100000000000001,-127.00999999999999,117.91,10.015579621973238,-11.0,-0.984420378026762,24300,-76.75974997879544,41.150250021204556,110
2025-04-24 14:20:00,24252.875043489512,24252.508180962355,0.03616201733568036,-8.385000000000002,-127.00999999999999,118.62499999999999,9.560142505393067,-10.0,-0.43985749460693313,24300,-77.33176657672242,41.29323342327757,111
2025-04-24 14:21:00,24254.350437140823,24253.98919663623,0.04002420247940274,-8.58,-127.00999999999999,118.42999999999999,9.07370437744385,-10.0,-0.9262956225561503,24300,-78.33928868457313,40.09071131542686,111
2025-04-24 14:22:00,24258.099385689682,24257.74373456278,0.04829833663125423,-8.385,-127.00999999999999,118.62499999999999,8.076775040128371,-8.0,0.07677504012837133,24300,-80.84183224219878,37.78316775780121,112
2025-04-24 14:23:00,24255.950807281435,24255.600832370365,0.04409915827078589,-8.125000000000002,-127.00999999999999,118.88499999999999,8.59255277663825,-8.0,0.5925527766382501,24300,-79.67182038888937,39.21317961111062,112
2025-04-24 14:24:00,24253.574695852818,24253.230399388878,0.03900014657336162,-7.865000000000001,-127.00999999999999,119.145,9.304767334330933,-9.0,0.3047673343309327,24300,-78.5018090801464,40.643190919853595,113
2025-04-24 14:25:00,24252.098633004684,24251.76000131591,0.03517633027982656,-7.865000000000001,-127.00999999999999,119.145,9.834366210137626,-9.0,0.8343662101376257,24300,-77.5950526883709,41.5499473116291,113
2025-04-24 14:26:00,24253.375046340298,24253.04204094876,0.03605530922832615,-7.0200000000000005,-127.00999999999999,119.99,9.071934230202753,-9.0,0.07193423020275347,24300,-78.15081679942872,41.83918320057127,113
2025-04-24 14:27:00,24253.32369510623,24252.996334528896,0.037346080880351,-7.475000000000001,-127.00999999999999,119.535,9.208899554365841,-9.0,0.20889955436584096,24300,-78.2970751244946,41.2379248755054,113
2025-04-24 14:28:00,24253.22504277968,24252.903327621403,0.03723489889431004,-7.865000000000001,-127.00999999999999,119.145,9.213316628738902,-9.0,0.21331662873890167,24300,-78.15082950146775,40.99417049853224,113
2025-04-24 14:29:00,24252.95003844527,24252.63397095969,0.03718402233417103,-7.8,-127.00999999999999,119.21,9.348202223368833,-9.0,0.34820222336883333,24300,-78.06308470890042,41.146915291099575,113
2025-04-24 14:30:00,24251.725342068617,24251.41493428455,0.03464829164595704,-8.580000000000002,-127.00999999999999,118.42999999999999,9.899141563463417,-9.0,0.8991415634634166,24300,-77.3318317206488,41.0981682793512,113
2025-04-24 14:31:00,24251.67533522081,24251.370571807598,0.033752652711842475,-8.84,-127.00999999999999,118.16999999999999,9.824722282680497,-9.0,0.8247222826804972,24300,-77.33183826226185,40.83816173773813,113
2025-04-24 14:32:00,24249.42375949465,24249.12466758443,0.03287252643083668,-10.204999999999998,-127.00999999999999,116.80499999999999,10.15735475320016,-9.0,1.1573547532001598,24300,-76.01557856907137,40.78942143092863,113
2025-04-24 14:33:00,24247.775578144927,24247.482149389227,0.03587112154286696,-11.115000000000002,-127.00999999999999,115.89499999999998,11.37550941663779,-11.0,0.37550941663779014,24300,-75.05032373611185,40.84467626388813,114
2025-04-24 14:34:00,24248.925877392947,24248.638077812066,0.035240883498304815,-10.399999999999999,-127.00999999999999,116.60999999999999,10.49089086109332,-11.0,-0.5091091389066804,24300,-75.94409298799498,40.66590701200501,114
2025-04-24 14:35:00,24249.875289444746,24249.593121912872,0.033883385092296575,-10.075000000000003,-127.00999999999999,116.93499999999999,9.748902240969917,-11.0,-1.251097759030083,24300,-76.44460724804405,40.49039275195594,114
2025-04-24 14:36:00,24246.149100853814,24245.872619130572,0.04257079376009951,-12.805,-127.00999999999999,114.20499999999998,12.33825247789471,-12.0,0.33825247789470936,24300,-74.04933825417564,40.15566174582435,115
2025-04-24 14:37:00,24245.474111663734,24245.203279933023,0.04585533438430866,-14.235000000000003,-127.00999999999999,112.77499999999999,12.69870619154022,-12.0,0.6987061915402197,24300,-73.07433704711589,39.7006629528841,115
2025-04-24 14:38:00,24245.925228873624,24245.6600345056,0.04427379908840095,-13.325000000000001,-127.00999999999999,113.68499999999999,12.465632169897464,-12.0,0.46563216989746437,24300,-73.62035293026541,40.064647069734576,115
2025-04-24 14:39:00,24245.57548788435,24245.315939663462,0.046427192479537076,-14.235,-127.00999999999999,112.77499999999999,12.608706144815013,-12.0,0.6087061448150131,24300,-73.42536062681116,39.349639373188836,115
2025-04-24 14:40:00,24246.774442608286,24246.520524154716,0.04377545546399282,-12.545000000000002,-127.00999999999999,114.46499999999999,11.900598689899425,-12.0,-0.09940131010057485,24300,-74.20537862467356,40.25962137532643,115
2025-04-24 14:41:00,24246.100216056533,24245.851947110146,0.0454765797377715,-12.870000000000001,-127.00999999999999,114.13999999999999,12.345293761687271,-12.0,0.34529376168727133,24300,-73.89338507779426,40.24661492220572,115
2025-04-24 14:42:00,24246.374463378605,24246.131834135693,0.04219971780431738,-11.7,-127.00999999999999,115.30999999999999,12.308563087396463,-12.0,0.3085630873964629,24300,-73.65939245667141,41.650607543328576,115
2025-04-24 14:43:00,24248.350228227697,24248.113222186403,0.04013374705993203,-9.295,-127.00999999999999,117.71499999999999,10.919693527673106,-12.0,-1.0803064723268943,24300,-75.4534197665494,42.26158023345059,115
2025-04-24 14:44:00,24248.74903392462,24248.517667052223,0.03735211425380233,-8.58,-127.00999999999999,118.42999999999999,10.691769489225452,-11.0,-0.308230510774548,24300,-75.8434328451787,42.586567154821296,116
2025-04-24 14:45:00,24246.974971840988,24246.74926455095,0.03831226161676701,-10.01,-127.00999999999999,116.99999999999999,12.119655208668545,-11.0,1.1196552086685454,24300,-74.80668168878013,42.193318311219855,116
2025-04-24 14:46:00,24246.9254258934,24246.705361709686,0.03833811309326346,-9.815,-127.00999999999999,117.195,12.17665876475634,-11.0,1.1766587647563398,24300,-74.6279388021713,42.56706119782869,116
2025-04-24 14:47:00,24247.00041563626,24246.785993435813,0.039198788414134426,-10.335000000000003,-127.00999999999999,116.67499999999998,12.1168090933516,-11.0,1.1168090933516002,24300,-74.66369789564943,42.01130210435055,116
2025-04-24 14:48:00,24248.750419766977,24248.54162516326,0.035272485588392896,-7.995000000000003,-127.00999999999999,119.01499999999999,10.844141051818612,-11.0,-0.1558589481813879,24300,-75.95071774650782,43.064282253492166,116
2025-04-24 14:49:00,24247.625608443865,24247.422466337368,0.0374723208802172,-8.709999999999999,-127.00999999999999,118.3,11.731671854966466,-11.0,0.731671854966466,24300,-74.87821723072226,43.42178276927774,116
2025-04-24 14:50:00,24245.17475707047,24244.97727773971,0.04372036433852224,-11.635000000000003,-127.00999999999999,115.37499999999999,13.37092553181602,-13.0,0.3709255318160203,24300,-73.30521313746372,42.06978686253626,117
2025-04-24 14:51:00,24244.175349532245,24243.983520353453,0.043063929827441505,-11.700000000000001,-127.00999999999999,115.30999999999999,14.168276955056239,-13.0,1.168276955056239,24300,-72.67146885995076,42.638531140049224,117
2025-04-24 14:52:00,24235.750274550162,24235.564152086135,0.06380861676819001,-23.985000000000003,-127.00999999999999,103.02499999999999,18.25045379395047,-18.0,0.25045379395047007,24300,-66.29168074970929,36.733319250290705,118
2025-04-24 14:53:00,24238.32472688109,24238.14422529891,0.06876570340821264,-21.840000000000003,-127.00999999999999,105.16999999999999,16.663020302337305,-17.0,-0.3369796976626951,24300,-68.45621399529703,36.71378600470295,119
2025-04-24 14:54:00,24236.174359191107,24235.99951377628,0.07156106400630531,-24.96,-127.00999999999999,102.04999999999998,17.799028426590887,-17.0,0.7990284265908869,24300,-66.08046255529115,35.969537444708834,119
2025-04-24 14:55:00,24236.524382305986,24236.35517460245,0.06094931552703576,-22.489999999999995,-127.00999999999999,104.52,18.147858160671124,-17.0,1.1478581606711238,24300,-66.1357291932366,38.384270806763396,119
2025-04-24 14:56:00,24237.57440998214,24237.410835429928,0.0674158672705119,-21.319999999999997,-127.00999999999999,105.69,17.309237242211704,-17.0,0.30923724221170446,24300,-66.79874990707357,38.89125009292643,119
2025-04-24 14:57:00,24238.77476395332,24238.616822062926,0.06835466544133849,-20.735,-127.00999999999999,106.27499999999999,16.615727999017146,-17.0,-0.38427200098285397,24300,-68.62202787265205,37.65297212734794,119
2025-04-24 14:58:00,24240.699784479148,24240.54747125722,0.06461567564120677,-17.939999999999998,-127.00999999999999,109.07,15.716338707963631,-17.0,-1.2836612920363688,24300,-70.7215567254091,38.34844327459089,119
2025-04-24 14:59:00,24236.225067918967,24236.07842298536,0.06742954185578089,-21.84,-127.00999999999999,105.16999999999999,18.193782724431653,-17.0,1.193782724431653,24300,-65.47279013901088,39.697209860989105,119
2025-04-24 15:00:00,24244.32482153383,24244.183769649742,0.04105032170015141,-10.205000000000002,-127.00999999999999,116.80499999999999,14.707947755146376,-15.0,-0.2920522448536236,24300,-74.2023573205935,42.602642679406486,120
2025-04-24 15:01:00,24240.149526091656,24240.014139587107,0.0493209486634956,-14.365000000000002,-127.00999999999999,112.64499999999998,17.09467014660388,-17.0,0.09467014660388173,24300,-70.54609957196959,42.09890042803039,121
2025-04-24 15:02:00,24241.97509085918,24241.845335672555,0.05703668984386332,-12.74,-127.00999999999999,114.27,15.479714169318385,-15.0,0.4797141693183846,24300,-72.09312317875862,42.17687682124138,122
2025-04-24 15:03:00,24242.425089212687,24242.300973237576,0.04802264185643173,-11.635000000000002,-127.00999999999999,115.37499999999999,15.812226888588947,-15.0,0.8122268885889472,24300,-72.62938912991204,42.745610870087944,122
2025-04-24 15:04:00,24243.82521417675,24243.706732980587,0.050474603585826,-10.465000000000002,-127.00999999999999,116.54499999999999,14.715855142849156,-15.0,-0.28414485715084403,24300,-74.82316293182316,41.721837068176825,122
2025-04-24 15:05:00,24243.925204443272,24243.812364730307,0.044554210374913715,-9.619999999999997,-127.00999999999999,117.38999999999999,15.119834785546399,-15.0,0.11983478554639859,24300,-74.57942436764442,42.810575632355565,122
2025-04-24 15:06:00,24242.17529702451,24242.06810702217,0.04074746969610298,-10.920000000000002,-127.00999999999999,116.08999999999999,16.90512725055484,-17.0,-0.09487274944515889,24300,-72.58067815691523,43.50932184308476,123
2025-04-24 15:07:00,24244.400290711987,24244.298732956584,0.0383268929153953,-8.515,-127.00999999999999,118.49499999999999,15.497863906095985,-15.0,0.49786390609598463,24300,-75.06695340946902,43.42804659053097,124
2025-04-24 15:08:00,24242.200265857617,24242.104358892313,0.04199737855062006,-10.855000000000002,-127.00999999999999,116.15499999999999,16.98810336094445,-17.0,-0.01189663905554994,24300,-73.06820808364567,43.086791916354315,125
2025-04-24 15:09:00,24244.574700537865,24244.48442630709,0.039963405830907635,-8.385000000000002,-127.00999999999999,118.62499999999999,15.418177176643706,-15.0,0.4181771766437059,24300,-75.3887315103973,43.23626848960268,126
2025-04-24 15:10:00,24245.600071909997,24245.515436229467,0.0367454480945093,-7.084999999999999,-127.00999999999999,119.925,14.894234027091878,-15.0,-0.10576597290812195,24300,-76.16874680351285,43.75625319648715,126
2025-04-24 15:11:00,24247.500073306303,24247.421073804988,0.03662472250636181,-5.460000000000001,-127.00999999999999,121.54999999999998,12.924889253654204,-13.0,-0.07511074634579629,24300,-78.46001665732356,43.08998334267642,127
2025-04-24 15:12:00,24246.574914004737,24246.50156011532,0.032085770378059826,-5.915000000000001,-127.00999999999999,121.09499999999998,14.59509269838215,-15.0,-0.4049073016178504,24300,-77.48827399227514,43.606726007724845,128
2025-04-24 15:13:00,24247.32506234525,24247.25734895996,0.02880893821648044,-5.005,-127.00999999999999,122.005,14.149856251349316,-15.0,-0.8501437486506838,24300,-78.2682882870191,43.73671171298089,128
2025-04-24 15:14:00,24247.150056701823,24247.087986539416,0.027830015454301086,-5.005,-127.00999999999999,122.005,14.710136605598743,-15.0,-0.28986339440125697,24300,-77.92704934843138,44.077950651568614,128
2025-04-24 15:15:00,24247.27511001758,24247.218682299623,0.024424805845962343,-4.420000000000001,-127.00999999999999,122.58999999999999,15.250421476583313,-15.0,0.2504214765833126,24300,-78.36581238387144,44.224187616128546,128
2025-04-24 15:16:00,24247.325099120535,24247.274314063765,0.022868767848116887,-4.16,-127.00999999999999,122.85,15.690120656085998,-15.0,0.6901206560859983,24300,-78.51207460246667,44.337925397533326,128
2025-04-24 15:17:00,24247.59999553181,24247.554852742083,0.025602534695122435,-4.029999999999999,-127.00999999999999,122.97999999999999,14.968890466297081,-15.0,-0.031109533702919023,24300,-78.80458702526933,44.17541297473066,128
2025-04-24 15:18:00,24247.949874483424,24247.910373967854,0.019674394046082087,-3.51,-127.00999999999999,123.49999999999999,15.713295334970972,-15.0,0.7132953349709723,24300,-79.04834923251622,44.45165076748377,128
2025-04-24 15:19:00,24247.875066848304,24247.841209364047,0.018262979931100105,-3.3149999999999995,-127.00999999999999,123.695,16.605823630985135,-17.0,-0.39417636901486475,24300,-78.80461064560812,44.89038935439187,129
2025-04-24 15:20:00,24248.2499106944,24248.22169568474,0.007638874669483186,-2.4049999999999994,-127.00999999999999,124.60499999999999,19.604671726924604,-20.0,-0.3953282730753962,24300,-79.35712467334578,45.24787532665421,130
2025-04-24 15:21:00,24247.35004407682,24247.327472904122,0.012124344185631237,-3.5749999999999997,-127.00999999999999,123.43499999999999,19.736470765847955,-20.0,-0.26352923415204543,24300,-78.31713930085583,45.11786069914416,130
2025-04-24 15:22:00,24247.975016040094,24247.958087222276,0.01023108431367536,-2.5999999999999996,-127.00999999999999,124.41,19.78965385038369,-20.0,-0.21034614961630993,24300,-79.09715568305492,45.312844316945075,130
2025-04-24 15:23:00,24247.49999883641,24247.48871317764,0.016189228040202296,-3.25,-127.00999999999999,123.75999999999999,19.7344796250362,-20.0,-0.2655203749637991,24300,-78.31717097613048,45.44282902386951,130
2025-04-24 15:24:00,24247.20000516634,24247.194362406117,0.025448849346153466,-3.9,-127.00999999999999,123.10999999999999,19.75616426529344,-20.0,-0.24383573470656117,24300,-78.25218679863485,44.85781320136513,130
