timestamp,underlying,expiry,universal_mid,atm_vol,time,risk_free_rate,user_locked_skew,a,bL,bR,capL,floorR
2025-09-11 09:15:00,SENSEX,2025-09-11,81420.86818659512,0.1243912167386278,0.0015655577299412916,0.055,,0.016976742825317137,-0.12113038660383074,-0.11661501882163115,0.38303393501745864,-1.4396162571632725
2025-09-11 09:16:00,SENSEX,2025-09-11,81434.61938581438,0.11888830046016592,0.0015613264928333423,0.055,,-0.004092542615372159,-0.1401328796866989,-0.1026020276529731,0.36289836883223764,-1.997354526611963
2025-09-11 09:17:00,SENSEX,2025-09-11,81435.44516271664,0.11576454078922024,0.0015570952557253928,0.055,,-0.009226611809905815,-0.16264963846861763,-0.1187291837031359,0.33853094546452844,-0.36688496314873786
2025-09-11 09:18:00,SENSEX,2025-09-11,81507.50918170059,0.11937280915428376,0.0015528640186174432,0.055,,-0.0008530515103183822,-0.16501303856117572,-0.1369479062517362,0.338606267880178,-0.3433937244361422
2025-09-11 09:19:00,SENSEX,2025-09-11,81539.9534028783,0.11929952169888482,0.001548632781509494,0.055,,0.0011772679446559868,-0.1498938811024232,-0.13751162636539377,0.3573436905644177,-0.3438375785652321
2025-09-11 09:20:00,SENSEX,2025-09-11,81541.83231855408,0.11781847238551726,0.0015444015444015444,0.055,,0.017596787727651185,-0.13264052042183525,-0.14316529919630866,0.3652592217284245,-0.34749279326408644
2025-09-11 09:21:00,SENSEX,2025-09-11,81545.46655714701,0.11573644527916535,0.001540170307293595,0.055,,0.016426356288065234,-0.13710523351022957,-0.1460388074259918,0.3541502063555057,-0.339019481416712
2025-09-11 09:22:00,SENSEX,2025-09-11,81549.68764457651,0.11745029702796198,0.0015359390701856455,0.055,,0.017024088993929445,-0.13950798547415771,-0.14793960302401313,0.3568016742536568,-0.34287645807668254
2025-09-11 09:23:00,SENSEX,2025-09-11,81549.69997472575,0.11634516013794434,0.001531707833077696,0.055,,0.0025869401579734367,-0.14711179678521602,-0.13401972812644697,0.357229167825742,-0.34321510910547604
2025-09-11 09:24:00,SENSEX,2025-09-11,81558.6673273537,0.11622395341881343,0.0015274765959697467,0.055,,0.03326264628539938,-0.11866060741860981,-0.1614266536542841,0.36139443439233654,-0.3391213760398324
2025-09-11 09:25:00,SENSEX,2025-09-11,81569.05159604718,0.1166,0.0015232453588617974,0.055,,0.02890483194724766,-0.12154753202067824,-0.15360948860006646,0.36159944387266507,-0.3416895627780337
2025-09-11 09:26:00,SENSEX,2025-09-11,81551.10838413957,0.11639101036408755,0.0015190141217538478,0.055,,0.04746096102453315,-0.10620787951942622,-0.16948530407058576,0.36281635477748647,-0.34208957165538756
2025-09-11 09:27:00,SENSEX,2025-09-11,81554.40870536979,0.11554557608632811,0.0015147828846458985,0.055,,0.02842546848320173,-0.1209864443347726,-0.15757392975497767,0.3589133910378185,-0.33746369173814567
2025-09-11 09:28:00,SENSEX,2025-09-11,81535.71965978928,0.1139927987826167,0.0015105516475379492,0.055,,0.02574152750136776,-0.12441077874665271,-0.1554883361294218,0.3528279835779732,-0.33787262719289046
2025-09-11 09:29:00,SENSEX,2025-09-11,81515.11382546402,0.11066048677508512,0.0015063204104299997,0.055,,0.026874953745570675,-0.1257881682660057,-0.16050841211320238,0.33838927099977956,-0.3281062497707572
2025-09-11 09:30:00,SENSEX,2025-09-11,81510.8758984742,0.11022176368676902,0.0015020891733220501,0.055,,0.016882501129548262,-0.13009759940097565,-0.14697845143116872,0.33657846374228106,-0.3303052831492217
2025-09-11 09:31:00,SENSEX,2025-09-11,81507.2755993551,0.11124367842242182,0.0014978579362141008,0.055,,0.009490528060682912,-0.13695626019066887,-0.1440003215910377,0.3392640610845783,-0.33245841755797645
2025-09-11 09:32:00,SENSEX,2025-09-11,81496.67061919966,0.10948651255034118,0.0014936266991061513,0.055,,0.00942519004142001,-0.1291610602931736,-0.1451392961765485,0.33862251384748204,-0.3255913008133923
2025-09-11 09:33:00,SENSEX,2025-09-11,81505.6254608006,0.11143940101929399,0.001489395461998202,0.055,,0.01374336199613924,-0.12363066445561868,-0.14456257682991625,0.3457038052048474,-0.3352001966925564
2025-09-11 09:34:00,SENSEX,2025-09-11,81508.77571680666,0.11009121937314785,0.0014851642248902522,0.055,,0.023208036554248697,-0.11759068424028232,-0.15293495192685821,0.34178818694233126,-0.33229641494099926
2025-09-11 09:35:00,SENSEX,2025-09-11,81501.46640903552,0.1104014672952888,0.001480932987782303,0.055,,0.0354257745437072,-0.10786689973527652,-0.1594770650040539,0.3422722845878896,-0.33426122573571504
2025-09-11 09:36:00,SENSEX,2025-09-11,81494.10358188555,0.11177679039354801,0.0014767017506743536,0.055,,0.0494268475621935,-0.09739408238134353,-0.1684469693520347,0.3455430843477598,-0.34071387337271064
2025-09-11 09:37:00,SENSEX,2025-09-11,81512.86794381964,0.11009012374197083,0.001472470513566404,0.055,,0.02025020469287507,-0.12262790207181938,-0.14458795391656354,0.335653133717151,-0.3358157202137065
2025-09-11 09:38:00,SENSEX,2025-09-11,81533.70272149138,0.11103601496016437,0.0014682392764584545,0.055,,0.016456180746467087,-0.11948475002872508,-0.13888363828273637,0.3448488474811594,-0.3391629873394848
2025-09-11 09:39:00,SENSEX,2025-09-11,81519.9306306186,0.108760119165182,0.0014640080393505052,0.055,,0.023594319945175943,-0.1126686858573711,-0.14620235327882813,0.3403502893118094,-0.3300462897399192
2025-09-11 09:40:00,SENSEX,2025-09-11,81478.30628678118,0.10771554848523851,0.0014597768022425557,0.055,,0.03774074269503057,-0.09905849569682908,-0.16463337431435443,0.3367000336907989,-0.32747105228925866
2025-09-11 09:41:00,SENSEX,2025-09-11,81487.7610280185,0.10839785904298672,0.0014555455651346064,0.055,,0.03513753638429129,-0.09998152298904188,-0.15897544844439887,0.33961055095240134,-0.33106737828099386
2025-09-11 09:42:00,SENSEX,2025-09-11,81503.02524147206,0.10464540561332444,0.0014513143280266568,0.055,,0.024428360479499214,-0.11599537733313614,-0.1532002961017052,0.3233283701717305,-0.31835374626098045
2025-09-11 09:43:00,SENSEX,2025-09-11,81496.14969356796,0.10581544104083843,0.0014470830909187073,0.055,,0.0385667555240479,-0.10216277879768743,-0.16450710369077554,0.329226843924945,-0.32214226322043116
2025-09-11 09:44:00,SENSEX,2025-09-11,81486.81205043188,0.10678224678476166,0.001442851853810758,0.055,,0.056197626526531666,-0.08877123815613287,-0.17701999773901173,0.33368627029714304,-0.32682335020428105
2025-09-11 09:45:00,SENSEX,2025-09-11,81486.10285649424,0.1069139226060724,0.0014386206167028087,0.055,,0.05512493790727101,-0.09354741644576671,-0.18108963106491466,0.3319143333551765,-0.3251629327834482
2025-09-11 09:46:00,SENSEX,2025-09-11,81464.9511794732,0.10793062725745704,0.0014343893795948591,0.055,,0.0636675272209708,-0.08280028120627901,-0.1840679566822425,0.33655544588533437,-0.33076149607522065
2025-09-11 09:47:00,SENSEX,2025-09-11,81490.06242001298,0.10449796262812118,0.0014301581424869098,0.055,,0.05055906525336937,-0.09623859197207801,-0.1813954754822507,0.325143727422039,-0.3189239725613836
2025-09-11 09:48:00,SENSEX,2025-09-11,81484.44485897543,0.10522648867475874,0.0014259269053789605,0.055,,0.04351171606912627,-0.09884725299479713,-0.17233757562096508,0.32828025707495245,-0.3215045137475392
2025-09-11 09:49:00,SENSEX,2025-09-11,81503.49636387118,0.10529999999999999,0.001421695668271011,0.055,,0.02750866940058643,-0.11477008321230336,-0.15604560184347233,0.3286480385547077,-0.3218802964161956
2025-09-11 09:50:00,SENSEX,2025-09-11,81498.68269305653,0.10594344480537934,0.0014174644311630614,0.055,,0.03298765300825088,-0.11052080279391838,-0.1692493171371203,0.33015047356192584,-0.3203100834659174
2025-09-11 09:51:00,SENSEX,2025-09-11,81489.72031477322,0.10560822075995015,0.0014132331940551119,0.055,,0.046417044208421646,-0.09891684372062133,-0.17500667541468373,0.3300729629852728,-0.3233513422448806
2025-09-11 09:52:00,SENSEX,2025-09-11,81511.7202812555,0.10470618698418802,0.0014090019569471626,0.055,,0.02279902758022844,-0.11840911737351259,-0.15453377344040806,0.3272198021530442,-0.3182165558295047
2025-09-11 09:53:00,SENSEX,2025-09-11,81516.88403039063,0.10460000000000001,0.0014047707198392133,0.055,,-0.0001797049995681013,-0.14000594741234723,-0.13367319048987641,0.3259686719046575,-0.3176497770269668
2025-09-11 09:54:00,SENSEX,2025-09-11,81505.71584561371,0.10199428084899768,0.0014005394827312635,0.055,,-0.00018782496800872207,-0.1437473202871976,-0.13529415806183331,0.3172265112555708,-0.31205859259342694
2025-09-11 09:55:00,SENSEX,2025-09-11,81491.72436448082,0.1018398583426941,0.0013963082456233142,0.055,,0.023812500851709075,-0.11779687080854541,-0.1596569629136811,0.3194218365258677,-0.31163842347717646
2025-09-11 09:56:00,SENSEX,2025-09-11,81496.34589217152,0.10161321037111101,0.0013920770085153649,0.055,,0.015736559462302988,-0.12508590744909387,-0.15498252437310214,0.3189563514273419,-0.3117585716904783
2025-09-11 09:57:00,SENSEX,2025-09-11,81485.87392177616,0.10205296584360367,0.0013878457714074153,0.055,,0.03194727202640067,-0.11096729282410998,-0.16617689609358094,0.32034225224939444,-0.31513965464957494
2025-09-11 09:58:00,SENSEX,2025-09-11,81484.7678648729,0.1015806052768374,0.0013836145342994658,0.055,,0.03166204903266927,-0.1114564823327561,-0.16775069678506277,0.3190456332433247,-0.31304500526524537
2025-09-11 09:59:00,SENSEX,2025-09-11,81489.0681364747,0.10089499898321706,0.0013793832971915165,0.055,,0.02858961412439199,-0.11803887554210041,-0.16570415211667702,0.31570704706462716,-0.31082130724885554
2025-09-11 10:00:00,SENSEX,2025-09-11,81493.01690881499,0.10078843584039522,0.001375152060083567,0.055,,0.024926689064204206,-0.12232611615430034,-0.1685395397030836,0.3136035001854161,-0.30634204677178617
2025-09-11 10:01:00,SENSEX,2025-09-11,81475.27928666185,0.10241656946144236,0.0013709208229756176,0.055,,0.03738683414784284,-0.10996920432370187,-0.17208705679314207,0.3183581425993028,-0.3153148365429477
2025-09-11 10:02:00,SENSEX,2025-09-11,81452.09639932096,0.10309298358919944,0.001366689585867668,0.055,,0.056297600826592645,-0.09348208670393712,-0.1912711648942026,0.32006930712594883,-0.31690368577037054
2025-09-11 10:03:00,SENSEX,2025-09-11,81456.24297456091,0.10214348331469397,0.0013624583487597186,0.055,,0.04506254217485499,-0.10129083663872994,-0.181952976306353,0.31623114020168186,-0.31427998744641295
2025-09-11 10:04:00,SENSEX,2025-09-11,81448.52862507378,0.10332912082384109,0.0013582271116517693,0.055,,0.030256990063225193,-0.11800812708698379,-0.17031942684547347,0.3192909600184317,-0.3193957742911979
2025-09-11 10:05:00,SENSEX,2025-09-11,81446.77475982605,0.10436419913574359,0.0013539958745438197,0.055,,0.034724465888927934,-0.11221524344040465,-0.17046381235739957,0.3237500302778793,-0.3241937453918806
2025-09-11 10:06:00,SENSEX,2025-09-11,81450.86491106598,0.10347535291026927,0.0013497646374358704,0.055,,0.028784920845451943,-0.11773910273127204,-0.16528187239933534,0.3183786099290524,-0.3230307008771616
2025-09-11 10:07:00,SENSEX,2025-09-11,81447.84614053101,0.1031949093575916,0.001345533400327921,0.055,,0.02864439568577349,-0.11746586372903478,-0.16740908966744947,0.3200179871142119,-0.32249788781313005
2025-09-11 10:08:00,SENSEX,2025-09-11,81414.74739945451,0.1056344078466008,0.0013413021632199716,0.055,,0.045213086759775534,-0.1004398467898967,-0.18372102955851127,0.32618205214726237,-0.32993963566060325
2025-09-11 10:09:00,SENSEX,2025-09-11,81414.46209391694,0.10436848495849445,0.0013370709261120222,0.055,,0.051545950996837085,-0.09808365832507068,-0.19237704252331297,0.31891426633802955,-0.32790882508113284
2025-09-11 10:10:00,SENSEX,2025-09-11,81424.62680523092,0.10428404494186543,0.0013328396890040727,0.055,,0.05005420080734675,-0.0993363008242381,-0.1916436595603329,0.31999369145448064,-0.32852047778023796
2025-09-11 10:11:00,SENSEX,2025-09-11,81423.97001920713,0.1036841691183741,0.0013286084518961232,0.055,,0.03312218580863307,-0.11167616008077685,-0.1724237081111217,0.3183662508152312,-0.32555005839855866
2025-09-11 10:12:00,SENSEX,2025-09-11,81425.45913820449,0.10396323024232457,0.0013243772147881739,0.055,,0.04196528897932954,-0.10256232147635164,-0.1849473427850419,0.32038194144445725,-0.32653507112752256
2025-09-11 10:13:00,SENSEX,2025-09-11,81418.65135418889,0.10352008994021236,0.0013201459776802245,0.055,,0.040478499414356564,-0.10181827618529371,-0.18682045458406923,0.31932151384576846,-0.32451495917211004
2025-09-11 10:14:00,SENSEX,2025-09-11,81429.52713695838,0.1021523004351969,0.0013159147405722748,0.055,,0.024692290429349485,-0.11594653022739776,-0.17488785872529605,0.3145442958936566,-0.3190309840785549
2025-09-11 10:15:00,SENSEX,2025-09-11,81440.72793811306,0.10167405793341394,0.0013116835034643255,0.055,,0.015050737996084092,-0.1248648161310219,-0.16365029922349428,0.3135986435793985,-0.3181721564050869
2025-09-11 10:16:00,SENSEX,2025-09-11,81438.42776323628,0.10154623084250926,0.0013074522663563762,0.055,,0.013012473185388942,-0.126147572226271,-0.16236893431536212,0.31533558748443524,-0.3181275611473156
2025-09-11 10:17:00,SENSEX,2025-09-11,81445.14615447898,0.10089354778434505,0.0013032210292484266,0.055,,0.01623942479360048,-0.12298407584184592,-0.1649096795606343,0.3128749691383268,-0.31652425325336975
2025-09-11 10:18:00,SENSEX,2025-09-11,81436.53118195088,0.10074418208283824,0.001298989792140477,0.055,,0.013572791100452657,-0.12635369614098027,-0.16361440392554108,0.31286796545497336,-0.31577674736517236
2025-09-11 10:19:00,SENSEX,2025-09-11,81456.86116995607,0.09858811395731484,0.0012947585550325278,0.055,,-0.0010344046551297652,-0.1322242609926107,-0.1532370076790322,0.308916567550956,-0.3063304091692437
2025-09-11 10:20:00,SENSEX,2025-09-11,81453.58960830525,0.09937837074641905,0.0012905273179245782,0.055,,0.002958631686606184,-0.13048232559994782,-0.15552783350519428,0.31265106054033853,-0.30954033023712113
2025-09-11 10:21:00,SENSEX,2025-09-11,81448.51074588814,0.10076621312770444,0.001286296080816629,0.055,,0.0038211509270272533,-0.1322775554075612,-0.15697498027955595,0.316859349022493,-0.31438133133890767
2025-09-11 10:22:00,SENSEX,2025-09-11,81445.59616392673,0.09931582911607123,0.0012820648437086792,0.055,,0.00683765014218803,-0.1315578962381253,-0.15884966063274386,0.3121310165149911,-0.3105217128147715
2025-09-11 10:23:00,SENSEX,2025-09-11,81433.65587919956,0.09816128659150752,0.0012778336066007299,0.055,,0.026143827031037306,-0.11732042376556559,-0.18956366402874522,0.3081081630495399,-0.30687276382929196
2025-09-11 10:24:00,SENSEX,2025-09-11,81451.68912745148,0.09812102423840663,0.0012736023694927805,0.055,,0.018808215997772493,-0.11507111327005551,-0.17301160983862102,0.3102348875540524,-0.3064408566522462
2025-09-11 10:25:00,SENSEX,2025-09-11,81441.68140055134,0.09930776985137255,0.001269371132384831,0.055,,0.02757447945685437,-0.11716286960410191,-0.18769765112962528,0.31210055679927284,-0.31059510986788014
2025-09-11 10:26:00,SENSEX,2025-09-11,81441.9133533836,0.09938071700223178,0.0012651398952768817,0.055,,0.010745086177104398,-0.1293375166273183,-0.1676911271121079,0.3130856690167999,-0.3106099094365429
2025-09-11 10:27:00,SENSEX,2025-09-11,81452.66405426,0.09890445092763246,0.0012609086581689324,0.055,,0.00848245247326784,-0.12544545222845438,-0.16045327930753814,0.31291395246498865,-0.3087086535271045
2025-09-11 10:28:00,SENSEX,2025-09-11,81456.77201230326,0.09894570338572457,0.0012566774210609828,0.055,,0.00018615991950135443,-0.13367813804596546,-0.15463968144742035,0.3138572817242563,-0.3080593574240156
2025-09-11 10:29:00,SENSEX,2025-09-11,81458.35057520572,0.09846615211266149,0.0012524461839530335,0.055,,0.00018808062738840992,-0.1334068724678433,-0.15691256892934677,0.312066142319557,-0.3060781511006021
2025-09-11 10:30:00,SENSEX,2025-09-11,81472.27309656289,0.09743257525052361,0.001248214946845084,0.055,,-0.019256599956678788,-0.14922680454967002,-0.1390894157445558,0.3114969932075361,-0.30327097916882106
2025-09-11 10:31:00,SENSEX,2025-09-11,81479.89178258448,0.0967612786548213,0.0012439837097371345,0.055,,-0.017671658842542334,-0.15016302571506923,-0.1401351337676316,0.30958130846603416,-0.3009716561757847
2025-09-11 10:32:00,SENSEX,2025-09-11,81488.97083878392,0.09743227767228026,0.0012397524726291851,0.055,,-0.026557515458641566,-0.16033627669596087,-0.1314581287801021,0.31259021159440314,-0.30245277439983936
2025-09-11 10:33:00,SENSEX,2025-09-11,81481.37713211877,0.09719088491047685,0.0012355212355212358,0.055,,-0.014518782522631456,-0.15010883420588814,-0.14414004663028723,0.31110848541866765,-0.301872114032444
2025-09-11 10:34:00,SENSEX,2025-09-11,81474.17325104725,0.09755814991585587,0.001231289998413286,0.055,,-0.009270090636729025,-0.14291880054136125,-0.14530828277354496,0.31255745029417625,-0.30478368597395256
2025-09-11 10:35:00,SENSEX,2025-09-11,81478.02689142153,0.0978514013787277,0.0012270587613053368,0.055,,-0.01162506824163254,-0.1463329543027148,-0.1457311038391082,0.31275421167086553,-0.30482250780410725
2025-09-11 10:36:00,SENSEX,2025-09-11,81490.18442785868,0.0981,0.0012228275241973872,0.055,,-0.017648069073884744,-0.14656588382772628,-0.13899384062866837,0.31671423329819753,-0.30529619789787643
2025-09-11 10:37:00,SENSEX,2025-09-11,81482.53877665673,0.09790942854057029,0.001218596287089438,0.055,,-0.014692615647703019,-0.14515258257535246,-0.1437684360093885,0.3164479178247811,-0.3067250925981925
2025-09-11 10:38:00,SENSEX,2025-09-11,81485.32401982287,0.09734936102163523,0.0012143650499814884,0.055,,-0.010904545402361345,-0.14369571836851186,-0.14020449001675378,0.3143644963753653,-0.3054198068074082
2025-09-11 10:39:00,SENSEX,2025-09-11,81485.49570690744,0.09797396019521655,0.0012101338128735388,0.055,,-0.01291295667979777,-0.14451062273694207,-0.13909617919646167,0.3170740569839863,-0.3066401852856977
2025-09-11 10:40:00,SENSEX,2025-09-11,81480.89541681527,0.09851457058998828,0.0012059025757655895,0.055,,-0.010153707645947915,-0.14152351611827158,-0.14145244860532435,0.3185435039839464,-0.3084527291221389
2025-09-11 10:41:00,SENSEX,2025-09-11,81479.8085790152,0.09868254143596503,0.0012016713386576402,0.055,,-0.00987996149191836,-0.136959614394226,-0.13935682521544962,0.3179247039691222,-0.30981577863305304
2025-09-11 10:42:00,SENSEX,2025-09-11,81471.97644730369,0.09712016759310153,0.0011974401015496905,0.055,,0.0016055252082453867,-0.13085497608234853,-0.15082149021509472,0.3119848605011984,-0.30643874678272165
2025-09-11 10:43:00,SENSEX,2025-09-11,81477.23866265226,0.0974095098552967,0.0011932088644417411,0.055,,-0.008274633241960623,-0.13698708892268738,-0.1422812525939738,0.3129725728556599,-0.3069726307032334
2025-09-11 10:44:00,SENSEX,2025-09-11,81465.10964013617,0.09627191040574068,0.0011889776273337918,0.055,,0.010572758943220975,-0.12426508350264001,-0.1628401248491353,0.30834305715686094,-0.3036942117633688
2025-09-11 10:45:00,SENSEX,2025-09-11,81444.93338013234,0.09681010285996695,0.0011847463902258423,0.055,,0.003764168076304029,-0.1361414570171172,-0.15674441302247372,0.308873798809025,-0.3070262249294652
2025-09-11 10:46:00,SENSEX,2025-09-11,81455.64712033494,0.09584433772928991,0.001180515153117893,0.055,,0.010497027398036436,-0.12449527925182347,-0.15996381068098559,0.3070154609774902,-0.3039906081267971
2025-09-11 10:47:00,SENSEX,2025-09-11,81483.71747727398,0.09433940224248595,0.0011762839160099437,0.055,,-0.0006372308816943749,-0.13912647858590493,-0.15901780937322893,0.30180066964721064,-0.2966611827334602
2025-09-11 10:48:00,SENSEX,2025-09-11,81480.8769903561,0.09620581628485572,0.001172052678901994,0.055,,-0.0006513573237788971,-0.13698627809596772,-0.15102744996875406,0.30863607835194595,-0.3034202301716226
2025-09-11 10:49:00,SENSEX,2025-09-11,81480.76413029883,0.09516143204375954,0.0011678214417940446,0.055,,-0.0006765560095132239,-0.13538720426469786,-0.14984191871881178,0.3061665944409675,-0.30019277616949375
2025-09-11 10:50:00,SENSEX,2025-09-11,81475.79845121189,0.09565961551044579,0.0011635902046860953,0.055,,-0.000688972498917358,-0.13544148168245923,-0.15154827253637304,0.3068003850606215,-0.301485881001304
2025-09-11 10:51:00,SENSEX,2025-09-11,81472.69188248938,0.09451862274412251,0.0011593589675781457,0.055,,0.008098820642346323,-0.1288590561720018,-0.1669789100049343,0.3022460951976096,-0.2969012821117911
2025-09-11 10:52:00,SENSEX,2025-09-11,81470.54495222025,0.09474773047272768,0.0011551277304701964,0.055,,0.00898877419912794,-0.12973063035919996,-0.16704993019303682,0.30309129225900056,-0.2992092279873063
2025-09-11 10:53:00,SENSEX,2025-09-11,81468.66668695539,0.09499508203747947,0.0011508964933622469,0.055,,0.008451556683259007,-0.12802937448329693,-0.16821300109191883,0.3037656611245908,-0.29994257782320133
2025-09-11 10:54:00,SENSEX,2025-09-11,81470.29497343436,0.09491569094439672,0.0011466652562542973,0.055,,0.008183523211339718,-0.1293594952067733,-0.1685557451714988,0.30362886802160527,-0.2997056367206965
2025-09-11 10:55:00,SENSEX,2025-09-11,81478.80180967235,0.0936296984564459,0.001142434019146348,0.055,,-0.01344336690872575,-0.15482563262815702,-0.14801093107359475,0.30118683047681116,-0.2953971918457061
2025-09-11 10:56:00,SENSEX,2025-09-11,81476.79854760779,0.09517104826494549,0.0011382027820383985,0.055,,-0.007531026192272704,-0.14349130138803684,-0.15234817462401218,0.30490381687957135,-0.2998902332600579
2025-09-11 10:57:00,SENSEX,2025-09-11,81462.65390750431,0.09485997595129776,0.0011339715449304492,0.055,,0.012451696355324253,-0.12689946571718747,-0.17366530506228112,0.3039158719008013,-0.300574254344447
2025-09-11 10:58:00,SENSEX,2025-09-11,81457.49735914999,0.0943647775198521,0.0011297403078224996,0.055,,0.015756500649591835,-0.12474466923415775,-0.18052781982550792,0.30150483486005264,-0.29898921046349014
2025-09-11 10:59:00,SENSEX,2025-09-11,81458.77554321563,0.09591814375637249,0.0011255090707145501,0.055,,0.010653630166571343,-0.12659187524770243,-0.17007721638708262,0.3062805822768434,-0.3042107995815699
2025-09-11 11:00:00,SENSEX,2025-09-11,81463.99161258318,0.09525994243947984,0.0011212778336066008,0.055,,0.003952364839432133,-0.13310476615507777,-0.16530791612804807,0.3042334958515016,-0.30188452847814706
2025-09-11 11:01:00,SENSEX,2025-09-11,81474.77652216237,0.0955773309194537,0.0011170465964986515,0.055,,-0.004824908121845228,-0.13671377175013288,-0.15800029439189367,0.305635794577662,-0.30146789829234966
2025-09-11 11:02:00,SENSEX,2025-09-11,81478.5645076384,0.09561420376137442,0.0011128153593907017,0.055,,-0.003526593684676272,-0.1372569484773084,-0.1627280802998849,0.3059437337261982,-0.2998412138666064
2025-09-11 11:03:00,SENSEX,2025-09-11,81486.43941577454,0.09800330086102807,0.0011085841222827524,0.055,,-0.0066539857130429635,-0.13869995312527594,-0.15472866441305472,0.31355390255889315,-0.3026248532688609
2025-09-11 11:04:00,SENSEX,2025-09-11,81482.34892791687,0.09691755872708697,0.001104352885174803,0.055,,-0.005933585936096301,-0.137851106966057,-0.15491521760575844,0.31054037726744144,-0.29950720619907706
2025-09-11 11:05:00,SENSEX,2025-09-11,81489.27132562005,0.09706806992038022,0.0011001216480668536,0.055,,-0.017934208983858935,-0.15140044389350338,-0.14133788156019475,0.3099610035996759,-0.3008804292961813
2025-09-11 11:06:00,SENSEX,2025-09-11,81478.39869804296,0.09627499998343961,0.001095890410958904,0.055,,0.0027530743740887004,-0.13212280909209512,-0.1610612501800744,0.30662919938096267,-0.29858720027748886
2025-09-11 11:07:00,SENSEX,2025-09-11,81478.09868505705,0.09620348879723854,0.0010916591738509545,0.055,,0.007655093839760942,-0.1263457830017553,-0.16456165676710224,0.3063660625990451,-0.2981793481866103
2025-09-11 11:08:00,SENSEX,2025-09-11,81505.63430798185,0.09401275138076745,0.0010874279367430052,0.055,,-0.026033545790207526,-0.1585514220004362,-0.13780197370403835,0.3004304563525123,-0.2883230561101459
2025-09-11 11:09:00,SENSEX,2025-09-11,81494.26274339965,0.09384334844789237,0.0010831966996350559,0.055,,-0.014162517862985897,-0.147965445698551,-0.1460102703956233,0.29987079816668116,-0.2909768415227393
2025-09-11 11:10:00,SENSEX,2025-09-11,81500.71910853889,0.09371295183601337,0.0010789654625271063,0.055,,-0.031068140435089816,-0.1631842813763359,-0.12830994567460394,0.29971878371051247,-0.2928042408053152
2025-09-11 11:11:00,SENSEX,2025-09-11,81498.99402967493,0.09312714469958186,0.001074734225419157,0.055,,-0.029545439081590748,-0.16865227297084623,-0.13434034235953762,0.2982189032446485,-0.29036608072803244
2025-09-11 11:12:00,SENSEX,2025-09-11,81493.22754506196,0.09347598309138341,0.0010705029883112077,0.055,,-0.01360140437489769,-0.15180203567418066,-0.14331165398183193,0.29912852659177835,-0.29419744822840527
2025-09-11 11:13:00,SENSEX,2025-09-11,81491.34949270633,0.09409020447570017,0.0010662717512032582,0.055,,-0.01547364935957094,-0.1519333522423949,-0.1366558647249152,0.3012781562857616,-0.2965291491612693
2025-09-11 11:14:00,SENSEX,2025-09-11,81489.08768050125,0.09338540801146333,0.0010620405140953086,0.055,,-0.02618605751302736,-0.16202880254146018,-0.12707964195437127,0.2988798126531991,-0.2951385268840295
2025-09-11 11:15:00,SENSEX,2025-09-11,81495.57183348804,0.09329736252940812,0.0010578092769873593,0.055,,-0.0333452119470657,-0.17078217376740873,-0.1215507235617197,0.2988616412016546,-0.29460136786336577
2025-09-11 11:16:00,SENSEX,2025-09-11,81485.84338518202,0.09311128145172348,0.0010535780398794098,0.055,,-0.03248276537939653,-0.1749470917694783,-0.1201698423418987,0.2986992394034513,-0.29560294095265344
2025-09-11 11:17:00,SENSEX,2025-09-11,81499.14417936766,0.09411796129941767,0.0010493468027714605,0.055,,-0.04178218932711661,-0.17870017908176783,-0.11110965206681475,0.30307834272526113,-0.29758330393418153
2025-09-11 11:18:00,SENSEX,2025-09-11,81493.36599672385,0.0942524946540877,0.001045115565663511,0.055,,-0.039220084068646695,-0.1793026885724788,-0.11575333608193093,0.30310792901952116,-0.2961145981119506
2025-09-11 11:19:00,SENSEX,2025-09-11,81492.2245548791,0.09421758924975877,0.0010408843285555614,0.055,,-0.03304256723573745,-0.17348494351779314,-0.12196711544977376,0.3027567763128116,-0.29438253218382127
2025-09-11 11:20:00,SENSEX,2025-09-11,81499.24425548229,0.09451586096983271,0.001036653091447612,0.055,,-0.048862907993786314,-0.1893047489950006,-0.106515987062243,0.3030701612421114,-0.2943071435203536
2025-09-11 11:21:00,SENSEX,2025-09-11,81490.17444208919,0.09392586277590531,0.0010324218543396628,0.055,,-0.03524931958441486,-0.1795883100618289,-0.12080767891250313,0.30062076691850254,-0.2929138560675736
2025-09-11 11:22:00,SENSEX,2025-09-11,81492.23021551585,0.09424754235169676,0.001028190617231713,0.055,,-0.03832291841720563,-0.1799542149584372,-0.1189132645845987,0.3020571695299852,-0.293290732444574
2025-09-11 11:23:00,SENSEX,2025-09-11,81475.17923380727,0.09296985146811698,0.0010239593801237637,0.055,,-0.012605446842358595,-0.16316137933141966,-0.15084216337505785,0.2960748082240814,-0.28924212117505865
2025-09-11 11:24:00,SENSEX,2025-09-11,81475.84864550811,0.09472764290270456,0.0010197281430158142,0.055,,-0.006496007375835413,-0.15529789999559512,-0.15505820952910904,0.3018147959971069,-0.29762436048352603
2025-09-11 11:25:00,SENSEX,2025-09-11,81484.89915660626,0.0939980681909004,0.0010154969059078648,0.055,,-0.007597019660699714,-0.1537947397278781,-0.15745838700913406,0.29971951628540794,-0.29431505056036766
2025-09-11 11:26:00,SENSEX,2025-09-11,81479.3294121484,0.094878494673595,0.0010112656687999153,0.055,,-0.012256383078027736,-0.16349834424483267,-0.14554142194072942,0.30173043086595763,-0.29796527398353323
2025-09-11 11:27:00,SENSEX,2025-09-11,81483.61293873668,0.0937258449640352,0.0010070344316919658,0.055,,-0.025937578392150964,-0.1760830062515621,-0.13714748971082139,0.29881510253998456,-0.292348145978336
2025-09-11 11:28:00,SENSEX,2025-09-11,81472.69022089496,0.09453703506588097,0.0010028031945840165,0.055,,8.315512543767511e-05,-0.1506557960914339,-0.15769508953668193,0.3004402646293684,-0.29866346334785315
2025-09-11 11:29:00,SENSEX,2025-09-11,81472.17072562018,0.09443978978601449,0.0009985719574760671,0.055,,8.512262087379045e-05,-0.15577221285872675,-0.15699217229598136,0.29967430526316974,-0.2999175543107384
2025-09-11 11:30:00,SENSEX,2025-09-11,81469.47333058057,0.09386284131320823,0.0009943407203681176,0.055,,8.674437687170467e-05,-0.15387765981482968,-0.16019016421452292,0.2980201652534453,-0.2979674222342702
2025-09-11 11:31:00,SENSEX,2025-09-11,81468.55967429685,0.09427995867208541,0.0009901094832601683,0.055,,8.786987858585664e-05,-0.16317644056993444,-0.1582055440915767,0.29822565109984034,-0.29980447664559917
2025-09-11 11:32:00,SENSEX,2025-09-11,81464.13449984846,0.09426798729691263,0.000985878246152219,0.055,,0.015164493268497531,-0.14670643104446585,-0.17389575269718305,0.29830484237590366,-0.29921306507793066
2025-09-11 11:33:00,SENSEX,2025-09-11,81460.62287406331,0.09358724946199234,0.0009816470090442694,0.055,,0.017894283527835664,-0.14438844804979634,-0.1824397485571693,0.296564072421332,-0.2972668549679547
2025-09-11 11:34:00,SENSEX,2025-09-11,81462.18103045087,0.09325852697997286,0.00097741577193632,0.055,,0.023790945934405533,-0.14104141809243048,-0.19315227225274198,0.29645076075937515,-0.2956776241886644
2025-09-11 11:35:00,SENSEX,2025-09-11,81459.67551786968,0.0936302204676957,0.0009731845348283705,0.055,,0.032894725640987,-0.1333435776739573,-0.2050368681849597,0.29742325807008285,-0.2968948821690798
2025-09-11 11:36:00,SENSEX,2025-09-11,81453.17250451542,0.09199161516811856,0.0009689532977204211,0.055,,0.03746002249958463,-0.14008953460860624,-0.2177490180613048,0.29286482295383215,-0.2930357411724225
2025-09-11 11:37:00,SENSEX,2025-09-11,81436.37162398617,0.09279926753584748,0.0009647220606124717,0.055,,0.046504914260423816,-0.1572523970954025,-0.25649589377332327,0.29470209778305323,-0.29674895642176013
2025-09-11 11:38:00,SENSEX,2025-09-11,81440.38505720487,0.09316680535592925,0.0009604908235045221,0.055,,0.03402020515212938,-0.15667774615039765,-0.23597011407110097,0.29350638035615434,-0.29726064266645796
2025-09-11 11:39:00,SENSEX,2025-09-11,81434.16364854161,0.09467467627087903,0.0009562595863965727,0.055,,0.04254010988659856,-0.14099919300363611,-0.24469551339576295,0.2975451954274233,-0.30117352136456316
2025-09-11 11:40:00,SENSEX,2025-09-11,81434.33465179708,0.09412910572398073,0.0009520283492886234,0.055,,0.04698523706361066,-0.14574845158695976,-0.25821112875250735,0.29548796117010445,-0.3007083454764079
2025-09-11 11:41:00,SENSEX,2025-09-11,81429.86613134974,0.0976853243593506,0.0009477971121806739,0.055,,0.07471182903041715,-0.11094040244349064,-0.2842151815855687,0.30646360625726926,-0.313016783662507
2025-09-11 11:42:00,SENSEX,2025-09-11,81425.54613623337,0.09590993900853091,0.0009435658750727243,0.055,,0.055855095240746486,-0.12994837600032005,-0.27303470902339977,0.2995158186658655,-0.3068205848685962
2025-09-11 11:43:00,SENSEX,2025-09-11,81434.80696440692,0.09597680595257833,0.0009393346379647749,0.055,,0.04517460651716772,-0.1398246880540308,-0.2576396952417608,0.3010101230760036,-0.3060814657056665
2025-09-11 11:44:00,SENSEX,2025-09-11,81432.53181602707,0.09629109595931139,0.0009351034008568256,0.055,,0.04841055309506613,-0.13465551329474418,-0.25784619728921204,0.3024180614237266,-0.3072621330289961
2025-09-11 11:45:00,SENSEX,2025-09-11,81438.47184996432,0.09601449023547592,0.0009308721637488761,0.055,,0.03940185490096604,-0.14115670504027442,-0.2509393001520371,0.3023878399125602,-0.3051241306333315
2025-09-11 11:46:00,SENSEX,2025-09-11,81439.4321060112,0.09561936310100755,0.0009266409266409266,0.055,,0.030918621874822964,-0.14960273269149937,-0.23097769118489653,0.3020283183537317,-0.3041835022643803
2025-09-11 11:47:00,SENSEX,2025-09-11,81437.40189744486,0.09564009558429416,0.0009224096895329773,0.055,,0.03443835385182376,-0.15044168362532512,-0.23728938538450509,0.30153189873312025,-0.3040042026689318
2025-09-11 11:48:00,SENSEX,2025-09-11,81443.1996565926,0.09410606143110455,0.0009181784524250279,0.055,,0.012020599471403486,-0.16611307827750665,-0.2134306678679585,0.2987100969959289,-0.2985390340204388
2025-09-11 11:49:00,SENSEX,2025-09-11,81439.4244684121,0.0950957043613145,0.0009139472153170784,0.055,,0.025799552076342575,-0.1590969729295166,-0.23449562560981854,0.30045260429837817,-0.3020991797088316
2025-09-11 11:50:00,SENSEX,2025-09-11,81426.85134345668,0.09468664429540258,0.0009097159782091288,0.055,,0.05152429674108713,-0.14354562046368624,-0.26315062076672313,0.297795379279715,-0.3022063604461252
2025-09-11 11:51:00,SENSEX,2025-09-11,81442.50709691338,0.09357946959946417,0.0009054847411011795,0.055,,0.016969343280042612,-0.17462252280619692,-0.2252099261383789,0.2974444257891271,-0.2970412693171872
2025-09-11 11:52:00,SENSEX,2025-09-11,81442.28453110468,0.09388871508271325,0.00090125350399323,0.055,,0.02625440697982232,-0.1667698179660191,-0.23469155788242624,0.2984111137688359,-0.29987259585481413
2025-09-11 11:53:00,SENSEX,2025-09-11,81435.80916689668,0.09494618522945823,0.0008970222668852806,0.055,,0.040352499888154404,-0.16049032698069574,-0.2543791353434924,0.29997851378449797,-0.30323057721771435
2025-09-11 11:54:00,SENSEX,2025-09-11,81438.40679609217,0.09552472591078626,0.0008927910297773312,0.055,,0.042335511647515214,-0.15641184123671667,-0.25314677477709163,0.30199693938865935,-0.30414708874950414
2025-09-11 11:55:00,SENSEX,2025-09-11,81435.82430723964,0.09526646311454753,0.0008885597926693818,0.055,,0.04723989523189635,-0.1562501517250865,-0.2578170222299916,0.30106496261912463,-0.30348040155182815
2025-09-11 11:56:00,SENSEX,2025-09-11,81437.09694059097,0.09467221832720267,0.0008843285555614323,0.055,,0.022174519737281694,-0.18176085226125854,-0.22030576923633696,0.299991286422194,-0.3010190756363133
2025-09-11 11:57:00,SENSEX,2025-09-11,81448.02248407091,0.09421082797827271,0.000880097318453483,0.055,,0.01867004566081816,-0.18217316482989704,-0.22203110202189155,0.30141561537301326,-0.2991476460737616
2025-09-11 11:58:00,SENSEX,2025-09-11,81461.16831227293,0.09325859877692673,0.0008758660813455334,0.055,,0.023552592731735808,-0.1505269395243323,-0.2097935234546131,0.3011843321806781,-0.2960805260082765
2025-09-11 11:59:00,SENSEX,2025-09-11,81467.09362863238,0.09151835588388911,0.000871634844237584,0.055,,0.005792202342450354,-0.17393935275804795,-0.1990341204681528,0.2962747396095592,-0.28862197724775207
2025-09-11 12:00:00,SENSEX,2025-09-11,81467.79607837475,0.09188076396037763,0.0008674036071296345,0.055,,0.019665751743616545,-0.15657331206187963,-0.21935776078443953,0.2979883169096998,-0.28950413659136554
2025-09-11 12:01:00,SENSEX,2025-09-11,81468.41875339697,0.09281547154562526,0.0008631723700216852,0.055,,0.0095083257822516,-0.16878764206024516,-0.20089409861720015,0.3021036700458132,-0.29116965474351186
2025-09-11 12:02:00,SENSEX,2025-09-11,81469.49147266048,0.09323684750283125,0.0008589411329137356,0.055,,0.01571162033442578,-0.1598235869608376,-0.20284949594046453,0.30530310837695096,-0.2936985913623186
2025-09-11 12:03:00,SENSEX,2025-09-11,81478.79195186245,0.09161473598489193,0.0008547098958057861,0.055,,-0.0038057291811773907,-0.19160063442876224,-0.1905692719280887,0.3030908276507091,-0.2882535292140339
2025-09-11 12:04:00,SENSEX,2025-09-11,81477.74194258936,0.0925786603106794,0.0008504786586978368,0.055,,0.005017043654456719,-0.17420513730389697,-0.21168854809440868,0.30372693263710976,-0.290566030960153
2025-09-11 12:05:00,SENSEX,2025-09-11,81474.61916445932,0.09336255319953932,0.0008462474215898874,0.055,,0.008934407739814415,-0.17313351051395956,-0.2328586607519827,0.3049782968978722,-0.29333490438695864
2025-09-11 12:06:00,SENSEX,2025-09-11,81476.29427121024,0.09317670125789322,0.0008420161844819379,0.055,,0.0072000689119123915,-0.17112406293629306,-0.2273981634238637,0.3038236267849587,-0.2907535251530041
2025-09-11 12:07:00,SENSEX,2025-09-11,81481.86725292883,0.0937255854622112,0.0008377849473739884,0.055,,-0.0057919538267020105,-0.18434815862256448,-0.22709440940304051,0.3062031240955415,-0.2921015159960033
2025-09-11 12:08:00,SENSEX,2025-09-11,81481.21955458136,0.09403821686127,0.0008335537102660391,0.055,,-0.0017303314721462894,-0.18220310405455634,-0.24479951250479615,0.3066261617535334,-0.2934120701352558
2025-09-11 12:09:00,SENSEX,2025-09-11,81484.37884866237,0.09488400492752526,0.0008293224731580897,0.055,,-0.007603009800086973,-0.1848934075976289,-0.23559806255985494,0.3081936646647985,-0.2948766316645998
2025-09-11 12:10:00,SENSEX,2025-09-11,81481.18549096369,0.0953581797153408,0.0008250912360501401,0.055,,0.006685904090944712,-0.17409051253398122,-0.24522767273926388,0.30940645999934946,-0.2953322430852
2025-09-11 12:11:00,SENSEX,2025-09-11,81480.16959010265,0.09477300546583052,0.0008208599989421907,0.055,,0.0011635204467446967,-0.1836209877231561,-0.24206454433303343,0.3079442384918768,-0.29415358023728955
2025-09-11 12:12:00,SENSEX,2025-09-11,81472.0625168345,0.09433322968477334,0.0008166287618342413,0.055,,0.0011981823252648536,-0.18410005553649417,-0.23534803639568497,0.3062123285476171,-0.29576661110160274
2025-09-11 12:13:00,SENSEX,2025-09-11,81485.30381144813,0.09666098227520964,0.0008123975247262919,0.055,,0.0037634750172829677,-0.18238842074923484,-0.24820812741731343,0.3119665720068069,-0.30039762016243865
2025-09-11 12:14:00,SENSEX,2025-09-11,81484.00373381123,0.09609155672452185,0.0008081662876183424,0.055,,-0.01835338385764572,-0.20911967010137586,-0.23524535966361648,0.31048867532312374,-0.296397790384587
2025-09-11 12:15:00,SENSEX,2025-09-11,81481.72861366745,0.09564875109251057,0.000803935050510393,0.055,,-0.014410518735896636,-0.2125876748935603,-0.2397128695287119,0.30800090556764953,-0.29612247211647486
2025-09-11 12:16:00,SENSEX,2025-09-11,81510.64387073525,0.09682364378345651,0.0007997038134024436,0.055,,-0.05308748136446279,-0.2482711742766238,-0.19024001056746526,0.3138062290637128,-0.29562050110903554
2025-09-11 12:17:00,SENSEX,2025-09-11,81506.99155587389,0.09626295989815904,0.0007954725762944942,0.055,,-0.03502231820970619,-0.22408631390951955,-0.19522983762468626,0.31333731236567436,-0.2943400751396029
2025-09-11 12:18:00,SENSEX,2025-09-11,81513.4234082845,0.09734174964471441,0.0007912413391865447,0.055,,-0.06254492721999336,-0.24632801743429253,-0.16376958137744135,0.31783988054441575,-0.29374926358313724
2025-09-11 12:19:00,SENSEX,2025-09-11,81519.35083759364,0.09878720817064356,0.0007870101020785952,0.055,,-0.07020588014517523,-0.253826241536416,-0.15220252581458896,0.3242635015482845,-0.2986420237257058
2025-09-11 12:20:00,SENSEX,2025-09-11,81510.82331336878,0.09745990159268603,0.0007827788649706458,0.055,,-0.06392651069630623,-0.2530933223012344,-0.14841478435375954,0.31860336259150907,-0.2976792299066442
2025-09-11 12:21:00,SENSEX,2025-09-11,81518.53221641516,0.09880061984023031,0.0007785476278626964,0.055,,-0.0714625399874256,-0.25527190443577874,-0.15155949300275606,0.3236717124360051,-0.29955793311624485
2025-09-11 12:22:00,SENSEX,2025-09-11,81516.47144281154,0.0963614366584938,0.000774316390754747,0.055,,-0.08324604467102092,-0.26638176068160624,-0.13017054221410945,0.3167477474028112,-0.29483632228746287
2025-09-11 12:23:00,SENSEX,2025-09-11,81513.31921105104,0.09727985212727913,0.0007700851536467975,0.055,,-0.06603755947555753,-0.2463222047847699,-0.14716404988051668,0.3201232041559329,-0.2983231711536083
2025-09-11 12:24:00,SENSEX,2025-09-11,81535.93072554874,0.09833456588040533,0.000765853916538848,0.055,,-0.0916035054503358,-0.27372431228856287,-0.12434067782680756,0.324457451528797,-0.2997992736376319
2025-09-11 12:25:00,SENSEX,2025-09-11,81529.17412763817,0.09688804356238989,0.0007616226794308987,0.055,,-0.08871104938729289,-0.2752965735700702,-0.1259319832360001,0.3198239961282016,-0.29661116404496546
2025-09-11 12:26:00,SENSEX,2025-09-11,81527.9449157147,0.09858710253513779,0.0007573914423229493,0.055,,-0.07732279629780381,-0.26116257973683216,-0.1302994649687636,0.3243276723156603,-0.3026633317206372
2025-09-11 12:27:00,SENSEX,2025-09-11,81544.9768630745,0.10276486462927395,0.0007531602052149998,0.055,,-0.09622401174876316,-0.2868660023786875,-0.10236290920348551,0.33900965739595557,-0.30861120342188186
2025-09-11 12:28:00,SENSEX,2025-09-11,81538.35981809928,0.10076049180110351,0.0007489289681070504,0.055,,-0.09484385863980886,-0.27789698985873224,-0.10082878995850861,0.33177642525153755,-0.3052783186268058
2025-09-11 12:29:00,SENSEX,2025-09-11,81541.19554363751,0.10032420794890898,0.000744697730999101,0.055,,-0.09248893466309249,-0.2655903431439877,-0.10638337134030551,0.33093197857344103,-0.30608173024382584
2025-09-11 12:30:00,SENSEX,2025-09-11,81542.92674818443,0.1033017771768004,0.0007404664938911515,0.055,,-0.10395264471809602,-0.2797718313216166,-0.08930292557317988,0.3397845341991862,-0.31468918178459393
2025-09-11 12:31:00,SENSEX,2025-09-11,81528.7761652079,0.10073487327438015,0.000736235256783202,0.055,,-0.08525566594362388,-0.2636324816222267,-0.0982446822809285,0.3306363125526559,-0.31175230155247946
2025-09-11 12:32:00,SENSEX,2025-09-11,81540.47864261683,0.10380986831909998,0.0007320040196752526,0.055,,-0.09505368854111743,-0.26628732945501626,-0.09084483210874632,0.3421178659364167,-0.3185207349596042
2025-09-11 12:33:00,SENSEX,2025-09-11,81544.85779951507,0.10418720525310915,0.0007277727825673032,0.055,,-0.0951059512465399,-0.2725275384284289,-0.09160764869898015,0.3424488534124047,-0.3176208211703288
2025-09-11 12:34:00,SENSEX,2025-09-11,81556.13519264212,0.10402300578246497,0.0007235415454593536,0.055,,-0.13009736086316057,-0.3407703135601977,-0.06707738404750435,0.34200184668500866,-0.3155832023026238
2025-09-11 12:35:00,SENSEX,2025-09-11,81539.40353691875,0.10290952719976484,0.0007193103083514043,0.055,,-0.086107641655527,-0.2684065180258258,-0.10185822739664793,0.3393991756291651,-0.31460155208158735
2025-09-11 12:36:00,SENSEX,2025-09-11,81538.186333958,0.10255502019221006,0.0007150790712434549,0.055,,-0.09464747496618733,-0.27440621568712414,-0.09543895136001644,0.3369563459695245,-0.3163109704423765
2025-09-11 12:37:00,SENSEX,2025-09-11,81538.49564064044,0.10280126412254072,0.0007108478341355055,0.055,,-0.08868346992142,-0.27119466437603934,-0.09749282991670415,0.33760190878864077,-0.31632241803048233
2025-09-11 12:38:00,SENSEX,2025-09-11,81535.00136026338,0.10257033683590246,0.0007066165970275559,0.055,,-0.08811886171603273,-0.2736877592785565,-0.10212914578239402,0.3364341989017354,-0.3176673453990154
2025-09-11 12:39:00,SENSEX,2025-09-11,81539.68232751341,0.10223212210602893,0.0007023853599196066,0.055,,-0.09291977229101328,-0.2947061527523076,-0.09714259546713652,0.3343638661601725,-0.31633664941788586
2025-09-11 12:40:00,SENSEX,2025-09-11,81541.54967552665,0.10308067873572675,0.0006981541228116571,0.055,,-0.10217264404752845,-0.2987675011711338,-0.08976785031062398,0.33767423576258637,-0.316521136890298
2025-09-11 12:41:00,SENSEX,2025-09-11,81551.49624060103,0.10052406618069883,0.0006939228857037077,0.055,,-0.15293689579939046,-0.39299988738646396,-0.057376242365380796,0.3338598886454469,-0.31031731673791346
2025-09-11 12:42:00,SENSEX,2025-09-11,81543.37285200083,0.09958469778900511,0.0006896916485957582,0.055,,-0.10380790346550073,-0.31514427844158355,-0.09737495585382407,0.3302749193283728,-0.3066260287600632
2025-09-11 12:43:00,SENSEX,2025-09-11,81527.8185088246,0.09672360138265704,0.0006854604114878088,0.055,,-0.09084624457280266,-0.3221359156013305,-0.10371520471122025,0.3199832347797499,-0.30283915391646465
2025-09-11 12:44:00,SENSEX,2025-09-11,81529.29735099073,0.09748447197310925,0.0006812291743798593,0.055,,-0.09585487183710041,-0.32675053752054517,-0.09468769339994167,0.32490627312897424,-0.30629332317959435
2025-09-11 12:45:00,SENSEX,2025-09-11,81530.5205512791,0.09789387242714274,0.0006769979372719099,0.055,,-0.0876999606272142,-0.3117204151030185,-0.10363187044168895,0.3255417910074322,-0.3086963876608188
2025-09-11 12:46:00,SENSEX,2025-09-11,81516.85247364073,0.09570583201818701,0.0006727667001639605,0.055,,-0.07099471604543975,-0.3057842009114547,-0.11716671923527601,0.3179171972733764,-0.3042639252185978
2025-09-11 12:47:00,SENSEX,2025-09-11,81520.50259229392,0.09524101610712549,0.0006685354630560111,0.055,,-0.0883359188080295,-0.31205773983375934,-0.10189593057777535,0.3182678464250184,-0.30189995897328004
2025-09-11 12:48:00,SENSEX,2025-09-11,81522.71669596244,0.09690455133575654,0.0006643042259480616,0.055,,-0.0825645633652424,-0.30180325971139577,-0.10943959238809275,0.32282518518310127,-0.3065020974938729
2025-09-11 12:49:00,SENSEX,2025-09-11,81525.422292579,0.09691562109463245,0.0006600729888401123,0.055,,-0.09175909860176762,-0.3180652840537717,-0.10586257334799762,0.32297756446610654,-0.30496036391678466
2025-09-11 12:50:00,SENSEX,2025-09-11,81524.89909459413,0.09734660135473415,0.0006558417517321627,0.055,,-0.09269744078157789,-0.30531324200448784,-0.10797231546150603,0.32559536051212323,-0.3083465819976735
2025-09-11 12:51:00,SENSEX,2025-09-11,81524.65267539781,0.09418521892855607,0.0006516105146242133,0.055,,-0.10544835704333055,-0.3154550463844422,-0.10073080661571628,0.3178677291623774,-0.29784406545464365
2025-09-11 12:52:00,SENSEX,2025-09-11,81532.17436531425,0.09675188537708897,0.0006473792775162639,0.055,,-0.09907916431157623,-0.2840554759530904,-0.10743393171534141,0.32481710215483894,-0.3033993971829146
2025-09-11 12:53:00,SENSEX,2025-09-11,81541.37292621286,0.09708661435001241,0.0006431480404083145,0.055,,-0.12189633938672001,-0.31454950367885326,-0.0951368402147283,0.32726830556909325,-0.3039479202565589
2025-09-11 12:54:00,SENSEX,2025-09-11,81543.52125835759,0.09862035282104996,0.0006389168033003649,0.055,,-0.11286079939914073,-0.29145681051870115,-0.10361767199989237,0.3321010017391099,-0.3090980175441531
2025-09-11 12:55:00,SENSEX,2025-09-11,81538.25657149038,0.0995283659339789,0.0006346855661924155,0.055,,-0.10864438876014315,-0.28039361167548926,-0.09825373436250981,0.3345840145623543,-0.31178343315556456
2025-09-11 12:56:00,SENSEX,2025-09-11,81544.97135819623,0.09866938046276592,0.0006304543290844662,0.055,,-0.1180347723428404,-0.29786879956224427,-0.09668826417413721,0.3317506532123776,-0.3067678027674241
2025-09-11 12:57:00,SENSEX,2025-09-11,81555.20190124604,0.09918172138648823,0.0006262230919765168,0.055,,-0.16746983179511266,-0.3742314946905021,-0.06752654239031698,0.33333612842903837,-0.3089680010310912
2025-09-11 12:58:00,SENSEX,2025-09-11,81550.88016145444,0.09809746068459559,0.0006219918548685672,0.055,,-0.15996424757924493,-0.37772927294746805,-0.07293868392029225,0.32736983654526236,-0.30479386963634175
2025-09-11 12:59:00,SENSEX,2025-09-11,81546.01976832811,0.09743192498417119,0.0006177606177606179,0.055,,-0.12311538600648184,-0.30321891734760675,-0.09383368009697861,0.32537594295572203,-0.3052504957621236
2025-09-11 13:00:00,SENSEX,2025-09-11,81545.14646186975,0.0976774357188041,0.0006135293806526684,0.055,,-0.10917793462330061,-0.28519252398241873,-0.10495209481334696,0.3248179982144729,-0.3084669892895829
2025-09-11 13:01:00,SENSEX,2025-09-11,81537.65628851918,0.09778353418986425,0.000609298143544719,0.055,,-0.10830802548296303,-0.28075205581907847,-0.10587824961977611,0.32587071044062477,-0.30880179206015423
2025-09-11 13:02:00,SENSEX,2025-09-11,81548.69662881363,0.09943302122225729,0.0006050669064367694,0.055,,-0.11797695227106111,-0.26447926250797904,-0.10126635868348832,0.3315842758209268,-0.3108433380021577
2025-09-11 13:03:00,SENSEX,2025-09-11,81548.42164330097,0.10032184781225043,0.0006008356693288201,0.055,,-0.10923808778694971,-0.251041483397773,-0.10315679238341798,0.33278491152942674,-0.31502162378637677
2025-09-11 13:04:00,SENSEX,2025-09-11,81551.44676620177,0.1014555590858958,0.0005966044322208706,0.055,,-0.13284475560254205,-0.30786176343100413,-0.09213719063467496,0.3354793626309537,-0.3180534172454649
2025-09-11 13:05:00,SENSEX,2025-09-11,81556.99045375045,0.10139615347645371,0.0005923731951129211,0.055,,-0.14125795646984007,-0.32197135994137505,-0.0922922052964652,0.3358054673998053,-0.31748949015672634
2025-09-11 13:06:00,SENSEX,2025-09-11,81563.64397188855,0.10036437733642574,0.0005881419580049718,0.055,,-0.14186540624940325,-0.3164445143960045,-0.09269649168032684,0.3328772702694632,-0.31533080468993413
2025-09-11 13:07:00,SENSEX,2025-09-11,81561.74395423729,0.09906747775171089,0.0005839107208970223,0.055,,-0.1473569522080557,-0.3353700199305172,-0.08792544273818878,0.32881582832734985,-0.3120915476132815
2025-09-11 13:08:00,SENSEX,2025-09-11,81554.22194641718,0.0984610122557411,0.0005796794837890729,0.055,,-0.1371640706384765,-0.325204985625558,-0.099668135824442,0.32661340126975835,-0.31309756707116543
2025-09-11 13:09:00,SENSEX,2025-09-11,81554.12038303373,0.09869474622570083,0.0005754482466811234,0.055,,-0.13232626206400494,-0.31811335973537325,-0.10920717610895145,0.3279843554440861,-0.31631406064689144
2025-09-11 13:10:00,SENSEX,2025-09-11,81557.82053322703,0.09981939358846899,0.000571217009573174,0.055,,-0.13854232074897566,-0.31532483260296973,-0.10184253243565898,0.33109921759727956,-0.3178481953583103
2025-09-11 13:11:00,SENSEX,2025-09-11,81547.63116287708,0.09903938346909363,0.0005669857724652246,0.055,,-0.12047777378754948,-0.2829588810602618,-0.10707249926429152,0.32847462162223695,-0.3164183651177166
2025-09-11 13:12:00,SENSEX,2025-09-11,81548.37959249981,0.09911011465896571,0.0005627545353572751,0.055,,-0.11957138003218543,-0.28037546618494935,-0.11089206966273893,0.33218706854632574,-0.31666291067918106
2025-09-11 13:13:00,SENSEX,2025-09-11,81549.45459099239,0.09992508611110008,0.0005585232982493257,0.055,,-0.11650400939450996,-0.27319117115733543,-0.11639883506420974,0.3331656268938295,-0.3167585759042859
2025-09-11 13:14:00,SENSEX,2025-09-11,81547.22948837909,0.09913703555705398,0.0005542920611413762,0.055,,-0.11077324527809301,-0.2738507617998913,-0.12570194284751954,0.32998841617480423,-0.3169522075694441
2025-09-11 13:15:00,SENSEX,2025-09-11,81548.25297243614,0.09928246299652864,0.0005500608240334268,0.055,,-0.10292038556137241,-0.27219126057712395,-0.1341786292168078,0.3304983163312414,-0.3200276347327051
2025-09-11 13:16:00,SENSEX,2025-09-11,81539.79519062332,0.09769334584819084,0.0005458295869254772,0.055,,-0.08499602570440168,-0.26618773977192384,-0.1521836224570241,0.32512912712883313,-0.31740164527265713
2025-09-11 13:17:00,SENSEX,2025-09-11,81527.60082215854,0.0961455530588532,0.0005415983498175279,0.055,,-0.07143482911856242,-0.276828553518454,-0.1537998746745224,0.3180083136976496,-0.3126822017258769
2025-09-11 13:18:00,SENSEX,2025-09-11,81533.83043306331,0.09831838975510397,0.0005373671127095785,0.055,,-0.08527249019778502,-0.2771195776925327,-0.13395274623844655,0.3267347612129622,-0.3195329765694862
2025-09-11 13:19:00,SENSEX,2025-09-11,81531.37005542548,0.09769841401140322,0.0005331358756016291,0.055,,-0.08117091371360907,-0.2843514952839069,-0.14489401310111844,0.3240536940768899,-0.3174245954567037
2025-09-11 13:20:00,SENSEX,2025-09-11,81527.45079852539,0.09788448215796743,0.0005289046384936797,0.055,,-0.054596082158437115,-0.26491532000664697,-0.1664292568898144,0.3244930881588676,-0.3196919455974031
2025-09-11 13:21:00,SENSEX,2025-09-11,81530.0773107606,0.09834072165857627,0.0005246734013857302,0.055,,-0.05490892915315336,-0.2658837560594844,-0.16435441522550998,0.32702663973669677,-0.31873779224153315
2025-09-11 13:22:00,SENSEX,2025-09-11,81512.42392442582,0.09447291792399859,0.0005204421642777807,0.055,,-0.06352545756938108,-0.29418201093667407,-0.1534389062973479,0.31495346021844417,-0.3115378139978846
2025-09-11 13:23:00,SENSEX,2025-09-11,81516.14761933047,0.09527158623784693,0.0005162109271698314,0.055,,-0.060362459720169875,-0.2906240530551578,-0.17514820595952163,0.3184167266379634,-0.311565686008144
2025-09-11 13:24:00,SENSEX,2025-09-11,81519.39350647017,0.09472686805556065,0.0005119796900618818,0.055,,-0.06352962170960433,-0.27770885486486396,-0.1652040158478436,0.31843759229041163,-0.3088642489381024
2025-09-11 13:25:00,SENSEX,2025-09-11,81517.50607402567,0.09484296285265308,0.0005077484529539324,0.055,,-0.0708891707181406,-0.2899420073321628,-0.14787086160697294,0.318485079267963,-0.3104331142485252
2025-09-11 13:26:00,SENSEX,2025-09-11,81517.70602894686,0.09517830405732564,0.0005035172158459829,0.055,,-0.07340855644876156,-0.29787086017614295,-0.14783616725713355,0.3208580456584995,-0.3129029990334169
2025-09-11 13:27:00,SENSEX,2025-09-11,81536.75650141682,0.09329145475881791,0.0004992859787380336,0.055,,-0.10820346897602673,-0.30671596964934256,-0.12161476397262519,0.3181317318186787,-0.30447802285845194
2025-09-11 13:28:00,SENSEX,2025-09-11,81534.83003248561,0.09446344595334728,0.0004950547416300841,0.055,,-0.09876344420160878,-0.29289169325323683,-0.13528443302636867,0.3219592533014175,-0.30841005520991205
2025-09-11 13:29:00,SENSEX,2025-09-11,81557.52385335945,0.09171385916833374,0.0004908235045221347,0.055,,-0.14691328207904233,-0.3782244387606417,-0.09789699070696928,0.3173665603921748,-0.2982347682923726
2025-09-11 13:30:00,SENSEX,2025-09-11,81561.42129132658,0.09572604763719449,0.00048659226741418524,0.055,,-0.1662487874993434,-0.3690610454094861,-0.0740308018784683,0.32706474613848174,-0.30936702437495384
2025-09-11 13:31:00,SENSEX,2025-09-11,81557.86990288369,0.09628385460734279,0.00048236103030623587,0.055,,-0.15158232726081428,-0.3658053604893565,-0.08450379810927894,0.32913069324959104,-0.3121281646153815
2025-09-11 13:32:00,SENSEX,2025-09-11,81547.60256663448,0.09317615365115035,0.00047812979319828634,0.055,,-0.1160608313442753,-0.3690247777222829,-0.11149859731930678,0.3167422356598246,-0.3055641627031678
2025-09-11 13:33:00,SENSEX,2025-09-11,81558.60413387098,0.09553790411112331,0.00047389855609033697,0.055,,-0.14706591136284353,-0.40166111408781424,-0.08519619700340746,0.3258722180882601,-0.31188133266264906
2025-09-11 13:34:00,SENSEX,2025-09-11,81554.74624789675,0.09538333006047743,0.00046966731898238743,0.055,,-0.12264465361514651,-0.3808359487989066,-0.1068333384858475,0.3250991102360729,-0.3129944512980388
2025-09-11 13:35:00,SENSEX,2025-09-11,81551.32119402227,0.0947540095335252,0.00046543608187443806,0.055,,-0.10892604771835832,-0.36398895652869373,-0.11619939517069189,0.3229662179908818,-0.31240450629423844
2025-09-11 13:36:00,SENSEX,2025-09-11,81553.67128823398,0.09618317879842561,0.00046120484476648864,0.055,,-0.101805413697123,-0.34526454050919697,-0.11572100914886754,0.32754940973818125,-0.3169001963650635
2025-09-11 13:37:00,SENSEX,2025-09-11,81554.49634302275,0.0965906039187632,0.0004569736076585392,0.055,,-0.11494242144223281,-0.3537622495097516,-0.10397486049566353,0.328847467490712,-0.31698282960866275
2025-09-11 13:38:00,SENSEX,2025-09-11,81569.74551156943,0.09560927534110356,0.00045274237055058973,0.055,,-0.14069693570334563,-0.38039845874650097,-0.0841097510858873,0.3263788340545677,-0.30895376227573224
2025-09-11 13:39:00,SENSEX,2025-09-11,81566.30286893685,0.09819894969667352,0.0004485111334426403,0.055,,-0.1284666012375165,-0.37083670973988103,-0.09436377796070952,0.33437853878408585,-0.31867725765495436
2025-09-11 13:40:00,SENSEX,2025-09-11,81568.51812196335,0.0983,0.0004442798963346909,0.055,,-0.151825292084618,-0.3993526856665757,-0.07841667144608869,0.3360208225080995,-0.317956138074104
2025-09-11 13:41:00,SENSEX,2025-09-11,81569.902901936,0.09974957899565115,0.0004400486592267415,0.055,,-0.13752550229250113,-0.374363098714046,-0.09087294029073709,0.33902522030100246,-0.32302351817518693
2025-09-11 13:42:00,SENSEX,2025-09-11,81556.57515760435,0.09601704890126671,0.000435817422118792,0.055,,-0.1404657876824222,-0.4166744720968213,-0.10257267466407499,0.3252637848255179,-0.3143311188946305
2025-09-11 13:43:00,SENSEX,2025-09-11,81569.17070766259,0.09790816219682848,0.0004315861850108426,0.055,,-0.14499111910202173,-0.3943949315406803,-0.09344931211128633,0.33387632472653755,-0.31852454282510356
2025-09-11 13:44:00,SENSEX,2025-09-11,81569.620760322,0.09885549411141378,0.0004273549479028931,0.055,,-0.1442089127471721,-0.39122651903139916,-0.09805135813741991,0.33705466584381166,-0.3211870774259419
2025-09-11 13:45:00,SENSEX,2025-09-11,81604.97395217483,0.09939768476364483,0.0004231237107949437,0.055,,-0.160953273384825,-0.3906961137885343,-0.07245321390707153,0.33947656372210133,-0.3160843549468853
2025-09-11 13:46:00,SENSEX,2025-09-11,81595.6260511704,0.09907485541301497,0.0004188924736869942,0.055,,-0.1363026622672341,-0.3773117976665926,-0.101100068830966,0.33828701503485026,-0.31385436371464015
2025-09-11 13:47:00,SENSEX,2025-09-11,81594.14758591841,0.09964037688948453,0.00041466123657904485,0.055,,-0.14399518919198684,-0.3762099726115975,-0.08834050913147729,0.341345596281659,-0.318030815647355
2025-09-11 13:48:00,SENSEX,2025-09-11,81585.39628433528,0.09962111357581653,0.0004104299994710954,0.055,,-0.14403998470542842,-0.3899684893404446,-0.0927414376345985,0.34232495370596683,-0.32117617178326724
2025-09-11 13:49:00,SENSEX,2025-09-11,81585.9235684888,0.10185627607203564,0.00040619876236314595,0.055,,-0.1458035512932795,-0.38001381717296545,-0.0898677573903999,0.35024967727484224,-0.32770221884379924
2025-09-11 13:50:00,SENSEX,2025-09-11,81594.22266147783,0.1020443500541743,0.0004019675252551965,0.055,,-0.16257925210502877,-0.4033375687166942,-0.07422976609699136,0.34961487948030184,-0.32688991112144117
2025-09-11 13:51:00,SENSEX,2025-09-11,81597.3227539089,0.10128294512457557,0.0003977362881472471,0.055,,-0.1827858509523898,-0.4293644697809851,-0.056768220177442555,0.3469884844297635,-0.32303404362682464
2025-09-11 13:52:00,SENSEX,2025-09-11,81600.02391839048,0.10040220183966651,0.0003935050510392976,0.055,,-0.15927531426752695,-0.3757877249689328,-0.08261077271360047,0.3468915945124905,-0.3220039679341561
2025-09-11 13:53:00,SENSEX,2025-09-11,81575.62554863867,0.1009756368481194,0.0003892738139313482,0.055,,-0.1454096753695847,-0.3616393931092807,-0.0938721900145771,0.34683354196511285,-0.3263885781827962
2025-09-11 13:54:00,SENSEX,2025-09-11,81585.82364092971,0.09889836462263765,0.00038504257682339877,0.055,,-0.16838737425416095,-0.3653738568005407,-0.07363057030927339,0.33914511587419327,-0.3215340441656184
2025-09-11 13:55:00,SENSEX,2025-09-11,81580.09958319762,0.10245748485726601,0.00038081133971544934,0.055,,-0.15255905401334313,-0.3520361344259471,-0.08903062296527559,0.3491140872899131,-0.33246148671911785
2025-09-11 13:56:00,SENSEX,2025-09-11,81571.12440193753,0.10457317804925127,0.0003765801026074999,0.055,,-0.16024849186169896,-0.3504927327919136,-0.0868694437231613,0.3532357742812016,-0.33783813072133473
2025-09-11 13:57:00,SENSEX,2025-09-11,81565.30338524436,0.10402428903852508,0.0003723488654995505,0.055,,-0.1266302071229047,-0.31754183815837433,-0.12099627141415514,0.34941255373854274,-0.3377286222243242
2025-09-11 13:58:00,SENSEX,2025-09-11,81571.41935978265,0.10398561194687306,0.000368117628391601,0.055,,-0.14415719346658284,-0.3432231393277734,-0.1002079507352902,0.3494257372584838,-0.3382723628498604
2025-09-11 13:59:00,SENSEX,2025-09-11,81570.87641848883,0.10416066061683825,0.0003638863912836516,0.055,,-0.13834000332043023,-0.3421304784270988,-0.10321981063529226,0.3487798111983485,-0.3389614153495948
2025-09-11 14:00:00,SENSEX,2025-09-11,81562.84827606588,0.10189980933410353,0.00035965515417570216,0.055,,-0.12724054770549426,-0.3571978003867528,-0.10782477487806869,0.34135159917761404,-0.3316668446727924
2025-09-11 14:01:00,SENSEX,2025-09-11,81574.32547551743,0.09902386176481336,0.00035542391706775274,0.055,,-0.15370707107619727,-0.37767476890908175,-0.0786146687855184,0.33274904132193545,-0.32197175616584967
2025-09-11 14:02:00,SENSEX,2025-09-11,81571.22444418832,0.10199031180654726,0.0003511926799598033,0.055,,-0.15444292818880268,-0.36826209888718897,-0.07859867380097611,0.34154286352282154,-0.3315734591733891
2025-09-11 14:03:00,SENSEX,2025-09-11,81574.22164567487,0.1014772998772017,0.00034696144285185383,0.055,,-0.15349003246187737,-0.3596086175170906,-0.0812951978390506,0.3429710663330635,-0.3304896112838653
2025-09-11 14:04:00,SENSEX,2025-09-11,81565.10028464012,0.10055123097390797,0.0003427302057439044,0.055,,-0.13552414337107402,-0.35577949469288156,-0.08881742449747485,0.3390765523036863,-0.33000398824127003
2025-09-11 14:05:00,SENSEX,2025-09-11,81561.47428275632,0.10199384713225834,0.00033849896863595493,0.055,,-0.1190174671460706,-0.33739982910802246,-0.10939995052352974,0.34493390433473137,-0.3336238817449928
2025-09-11 14:06:00,SENSEX,2025-09-11,81564.74843268777,0.10215616600696194,0.00033426773152800556,0.055,,-0.0905165306338552,-0.3112390005948543,-0.12337851063024036,0.3460586822265751,-0.334552399611463
2025-09-11 14:07:00,SENSEX,2025-09-11,81563.77615765476,0.10352250006498939,0.00033003649442005613,0.055,,-0.10713467285890946,-0.3217205266904773,-0.10810599215443313,0.35034172964274213,-0.3402820495305969
2025-09-11 14:08:00,SENSEX,2025-09-11,81564.0484598233,0.10257031044335042,0.00032580525731210666,0.055,,-0.12168149808216966,-0.34431850714004575,-0.09652073430028232,0.3485685158377002,-0.33595752762036457
2025-09-11 14:09:00,SENSEX,2025-09-11,81567.65384951624,0.10233464752773731,0.00032157402020415723,0.055,,-0.1239019252243289,-0.33485875941771504,-0.0953060789243872,0.34863827640043077,-0.33437114134062695
2025-09-11 14:10:00,SENSEX,2025-09-11,81564.02699019297,0.1047585611416125,0.00031734278309620775,0.055,,-0.09829584620912481,-0.3136288031678395,-0.12914660762336833,0.35357792792275194,-0.3358468364296632
2025-09-11 14:11:00,SENSEX,2025-09-11,81560.87432621728,0.10368622073909693,0.0003131115459882584,0.055,,-0.08281447247459989,-0.30141533559405764,-0.1495338417724109,0.3500680124036768,-0.3328871859804188
2025-09-11 14:12:00,SENSEX,2025-09-11,81563.20192310514,0.1039299469327297,0.00030888030888030895,0.055,,-0.07799582630882655,-0.3038731342902038,-0.15391248583882972,0.3540334368802656,-0.33121665940879125
2025-09-11 14:13:00,SENSEX,2025-09-11,81563.05105645568,0.10383592908470324,0.0003046490717723595,0.055,,-0.08197238316624354,-0.3151917146172547,-0.15252131884123152,0.354015491338298,-0.3314879555009586
2025-09-11 14:14:00,SENSEX,2025-09-11,81562.2985509226,0.1054044891970346,0.00030041783466441005,0.055,,-0.0820621231829364,-0.3027243218063548,-0.14224499899697873,0.3573603291880154,-0.33545122572210295
2025-09-11 14:15:00,SENSEX,2025-09-11,81568.02529363437,0.10254334333093829,0.00029618659755646057,0.055,,-0.1118548595077006,-0.32656610504560807,-0.12031369720965689,0.3503177883420485,-0.3271057363751245
2025-09-11 14:16:00,SENSEX,2025-09-11,81574.80280688137,0.10413186865160727,0.00029195536044851115,0.055,,-0.11285614015362025,-0.32631235736656994,-0.1311071279104581,0.35550920283402987,-0.33188474055638384
2025-09-11 14:17:00,SENSEX,2025-09-11,81566.09788103894,0.10618609335601599,0.0002877241233405617,0.055,,-0.07630915268584015,-0.2938677447310657,-0.1548860286898594,0.36359915496853407,-0.33816052423766263
2025-09-11 14:18:00,SENSEX,2025-09-11,81570.90032587762,0.1084399145834246,0.0002834928862326123,0.055,,-0.08653911917599559,-0.2905272574723179,-0.15979229832904573,0.3740834501771437,-0.3453880317292507
2025-09-11 14:19:00,SENSEX,2025-09-11,81577.57542353845,0.11083620869559832,0.00027926164912466287,0.055,,-0.12070673518081373,-0.3263417635567587,-0.12331406045097845,0.3831584807174616,-0.34966037615451084
2025-09-11 14:20:00,SENSEX,2025-09-11,81576.45191278223,0.11238829641290017,0.0002750304120167134,0.055,,-0.15124312837424989,-0.35949545827759555,-0.096397182505387,0.3877100147100987,-0.35560510472247164
2025-09-11 14:21:00,SENSEX,2025-09-11,81576.97465706414,0.11418492760712477,0.00027079917490876397,0.055,,-0.1580985064315595,-0.3518847118292635,-0.09758473181758873,0.39468800629138495,-0.36302642979908856
2025-09-11 14:22:00,SENSEX,2025-09-11,81573.69814827225,0.11327420061381321,0.00026656793780081454,0.055,,-0.16701208540359047,-0.35864661387262275,-0.08864728617376116,0.38795965263714294,-0.3599851511954402
2025-09-11 14:23:00,SENSEX,2025-09-11,81579.12397737138,0.11062952487301239,0.0002623367006928651,0.055,,-0.14069341528151386,-0.33133301105974255,-0.12593595591102663,0.37951875962895815,-0.3559601687428977
2025-09-11 14:24:00,SENSEX,2025-09-11,81578.49969478813,0.11029340963611918,0.0002581054635849157,0.055,,-0.16349271143827482,-0.34232301941825116,-0.11032053219679505,0.37769321308131115,-0.3583365073905395
2025-09-11 14:25:00,SENSEX,2025-09-11,81579.37471200942,0.11300307626419048,0.0002538742264769662,0.055,,-0.1420147693641095,-0.32345736929600166,-0.13415114898622582,0.38548850789904,-0.36448923588299276
2025-09-11 14:26:00,SENSEX,2025-09-11,81581.57406049337,0.11205525017858842,0.0002496429893690168,0.055,,-0.16136545202299402,-0.3429970702082439,-0.11522208361164754,0.38377162614512306,-0.3657738771100709
2025-09-11 14:27:00,SENSEX,2025-09-11,81585.82345889583,0.11269918358499634,0.00024541175226106736,0.055,,-0.17172989915010187,-0.3620545932948589,-0.11577670151061636,0.3869329669718915,-0.3673734580667198
2025-09-11 14:28:00,SENSEX,2025-09-11,81580.60173241113,0.11391938868363402,0.00024118051515311794,0.055,,-0.1259247301076501,-0.30678988510026883,-0.1604251153523217,0.3898459553776994,-0.3761760929927875
2025-09-11 14:29:00,SENSEX,2025-09-11,81577.69970937981,0.11740121404777297,0.00023694927804516848,0.055,,-0.0903395858979152,-0.2555806983277391,-0.18452440643212753,0.39270789225769753,-0.3809752946441743
2025-09-11 14:30:00,SENSEX,2025-09-11,81541.84733576863,0.11250227002471615,0.00023271804093721903,0.055,,-0.041329420203293485,-0.2543648034807988,-0.25554603034047463,0.3727670505938794,-0.36383826604760655
2025-09-11 14:31:00,SENSEX,2025-09-11,81518.22648571621,0.11307235061581769,0.0002284868038292696,0.055,,-0.020067850512171748,-0.24764001498858512,-0.2624558540375931,0.3724020148275168,-0.3612603197671641
2025-09-11 14:32:00,SENSEX,2025-09-11,81533.75349981003,0.11068438039223288,0.00022425556672132015,0.055,,-0.047495729331037684,-0.31886648222529324,-0.2665947543882984,0.3743283818325814,-0.36105587064415934
2025-09-11 14:33:00,SENSEX,2025-09-11,81521.69965753006,0.11052304651613701,0.00022002432961337076,0.055,,-0.02138445034132487,-0.33688886036416327,-0.2743770537793086,0.3707721249421285,-0.3630051238766978
2025-09-11 14:34:00,SENSEX,2025-09-11,81543.10051154057,0.1051394978689053,0.0002157930925054213,0.055,,-0.1078148764539713,-0.38615705177270104,-0.19364073892460842,0.36238876942020004,-0.3479110745728916
2025-09-11 14:35:00,SENSEX,2025-09-11,81531.69978706175,0.11216550311182996,0.00021156185539747185,0.055,,-0.02404493641311345,-0.3316023012646928,-0.32511351007665223,0.3839126271821772,-0.3720652875654885
2025-09-11 14:36:00,SENSEX,2025-09-11,81528.42646446226,0.1134523962399298,0.00020733061828952243,0.055,,-6.793045730600273e-05,-0.32745821996297,-0.38754873580056104,0.3898642512987829,-0.3776217996455013
2025-09-11 14:37:00,SENSEX,2025-09-11,81529.62533092691,0.11395135116508136,0.00020309938118157297,0.055,,-7.248469822570687e-05,-0.3289056253124186,-0.3757669037566146,0.39116448054479136,-0.37502683696478195
2025-09-11 14:38:00,SENSEX,2025-09-11,81542.8754689585,0.10822773783399706,0.00019886814407362355,0.055,,-4.882028249219574e-05,-0.3198610235147432,-0.590943573353998,0.3743573026052207,-0.3580760898616746
2025-09-11 14:39:00,SENSEX,2025-09-11,81556.7532837855,0.10367512009518567,0.0001946369069656741,0.055,,-6.19140477358437e-05,-0.23885547761653336,-0.5204231417701225,0.35897315244810046,-0.34328996581071747
2025-09-11 14:40:00,SENSEX,2025-09-11,81553.624514344,0.10656245885204729,0.00019040566985772467,0.055,,-6.90477577459219e-05,-0.2403632037072449,-0.3814899373984213,0.36667813549379935,-0.35035257987153323
2025-09-11 14:41:00,SENSEX,2025-09-11,81549.39794592696,0.10684459134315472,0.00018617443274977525,0.055,,-2.891811527420384e-05,-0.2936075525537061,-0.634331525360339,0.3699165954544369,-0.3571811067772315
2025-09-11 14:42:00,SENSEX,2025-09-11,81550.47800683104,0.11020411999465521,0.0001819431956418258,0.055,,-3.4304688553401974e-05,-0.24789955486037335,-0.28845710875773223,0.3837837234380821,-0.36924327509612065
2025-09-11 14:43:00,SENSEX,2025-09-11,81556.72457702126,0.10907649790584038,0.00017771195853387637,0.055,,-3.226983773216494e-05,-0.2479560064108659,-0.33039250146079957,0.3812922998861312,-0.3647352241523285
2025-09-11 14:44:00,SENSEX,2025-09-11,81551.37453604527,0.11239437122445889,0.00017348072142592692,0.055,,-0.02026267811753693,-0.2645421894360376,-0.2871528725940755,0.3882124513088816,-0.37088080653188316
2025-09-11 14:45:00,SENSEX,2025-09-11,81556.57226857563,0.11565357010719746,0.00016924948431797747,0.055,,-0.08713353118773742,-0.305585288955578,-0.22646433586545833,0.3925124550173891,-0.37745757648799994
2025-09-11 14:46:00,SENSEX,2025-09-11,81556.25005672529,0.1154189165891734,0.00016501824721002807,0.055,,-0.11143841458561075,-0.2860310216018297,-0.18623929158343827,0.3882982203208127,-0.37497374857890975
2025-09-11 14:47:00,SENSEX,2025-09-11,81596.84820347858,0.09654334190262101,0.00016078701010207862,0.055,,-0.1218581057573247,-0.32622818505140194,-0.17827499360531296,0.32801384593964844,-0.3054194249513077
2025-09-11 14:48:00,SENSEX,2025-09-11,81574.17477763114,0.09750065362779843,0.0001565557729941292,0.055,,-0.18486973783851224,-0.4040501442240432,-0.12080928757727065,0.32578142498595225,-0.30687144631348195
2025-09-11 14:49:00,SENSEX,2025-09-11,81582.5769484865,0.09311108019379097,0.00015232453588617974,0.055,,-0.19477447098068937,-0.4054284001774464,-0.12556788917416623,0.30771319553863774,-0.2923904282111711
2025-09-11 14:50:00,SENSEX,2025-09-11,81565.74972102811,0.0952876874620945,0.00014809329877823029,0.055,,-0.20136160078596324,-0.46012992426943156,-0.11712726611334845,0.31342571447784184,-0.3024236328431842
2025-09-11 14:51:00,SENSEX,2025-09-11,81573.04939113738,0.09943670296347402,0.00014386206167028086,0.055,,-0.12985365018165845,-0.35204696373305866,-0.151286624338247,0.32393069117825596,-0.31581582058344804
2025-09-11 14:52:00,SENSEX,2025-09-11,81573.30017893758,0.09706330053615647,0.00013963082456233144,0.055,,-0.1013942526780742,-0.33277289670738175,-0.18083101591900727,0.31401840006733783,-0.299535346747994
2025-09-11 14:53:00,SENSEX,2025-09-11,81579.07521652167,0.0933653058165873,0.00013539958745438198,0.055,,-0.11416977050809865,-0.315006918495598,-0.17976710078041097,0.30457080354566773,-0.28697294898838455
2025-09-11 14:54:00,SENSEX,2025-09-11,81578.84804384655,0.09997358276033204,0.00013116835034643256,0.055,,-0.09878469789528299,-0.2529681414592716,-0.20032700701088796,0.31641653972201755,-0.30514608325819903
2025-09-11 14:55:00,SENSEX,2025-09-11,81561.37577757187,0.09684279249985428,0.0001269371132384831,0.055,,-0.08107799239479499,-0.27963424711776286,-0.1366859957004231,0.30370306494223387,-0.29365601091277277
2025-09-11 14:56:00,SENSEX,2025-09-11,81561.4757523276,0.08670069275037545,0.00012270587613053368,0.055,,-0.08890608635653452,-0.2824870205582136,-0.24569923224410373,0.27323356935552473,-0.25775855593332375
2025-09-11 14:57:00,SENSEX,2025-09-11,81567.84946470021,0.08346722505461869,0.00011847463902258424,0.055,,-0.14653198557584673,-0.2532985589989133,-0.12936577465637894,0.25732786154317866,-0.2485784282731161
2025-09-11 14:58:00,SENSEX,2025-09-11,81570.79950235417,0.08446954409923968,0.0001142434019146348,0.055,,-0.13668533716983405,-0.25544837647201096,-0.13215406778290337,0.25890047858801035,-0.2508392669193553
2025-09-11 14:59:00,SENSEX,2025-09-11,81582.80019846254,0.08161473048950484,0.00011001216480668538,0.055,,-0.1421195102081146,-0.2590786314281558,-0.13196294318193647,0.25312361876521283,-0.24234056618726596
2025-09-11 15:00:00,SENSEX,2025-09-11,81570.32599094539,0.07031021054611677,0.00010578092769873593,0.055,,-0.16774294575777576,-0.260513833005075,-0.13278989406562888,0.21729279357715567,-0.2117943915807066
2025-09-11 15:01:00,SENSEX,2025-09-11,81562.44979027391,0.07019742587651795,0.00010154969059078649,0.055,,-0.16840616627040378,-0.28009535796527724,-0.14021999489592474,0.21166773475481623,-0.21245878970197726
2025-09-11 15:02:00,SENSEX,2025-09-11,81560.32344950608,0.07503744727028205,9.731845348283705e-05,0.055,,-0.1639296260137716,-0.28673267407250647,-0.1347699428222826,0.23143427496671964,-0.2248170798112028
2025-09-11 15:03:00,SENSEX,2025-09-11,81565.37456673608,0.06481100632096248,9.308721637488762e-05,0.055,,-0.1968282518834411,-0.3134654846237276,-0.14729249650875553,0.1900936358079764,-0.1947541120790361
2025-09-11 15:04:00,SENSEX,2025-09-11,81557.07601199433,0.0629578165819616,8.885597926693818e-05,0.055,,-0.23073756434539705,-0.26299576598855456,-0.16292220254552875,0.1900587211984699,-0.18770429286181026
2025-09-11 15:05:00,SENSEX,2025-09-11,81563.59983058088,0.05823859769764316,8.462474215898873e-05,0.055,,-0.2597425344107813,-0.243517629693903,-0.17761022682706076,0.1740062822086374,-0.17302830660182028
2025-09-11 15:06:00,SENSEX,2025-09-11,81560.42460393047,0.05753082932501725,8.039350505103931e-05,0.055,,-0.25894706887231794,-0.24690668845853692,-0.18553421494944916,0.17143193944201263,-0.17011423412535975
2025-09-11 15:07:00,SENSEX,2025-09-11,81549.20083443556,0.06351757620393068,7.616226794308987e-05,0.055,,-0.2633548442009275,-0.22645216927315964,-0.17114538452334052,0.19014928261095337,-0.18658731120149918
2025-09-11 15:08:00,SENSEX,2025-09-11,81550.14960497199,0.05885082466418297,7.193103083514043e-05,0.055,,-0.24807789396460697,-0.24170525163085516,-0.23425206527371423,0.17387744725018098,-0.17425043531636125
2025-09-11 15:09:00,SENSEX,2025-09-11,81549.3999977659,0.05501022166359723,6.769979372719099e-05,0.055,,-0.28772171358207554,-0.1901451050462648,-0.24527151007998726,0.16512048377434355,-0.1611762707771603
2025-09-11 15:10:00,SENSEX,2025-09-11,81549.42569614814,0.05833353866689293,6.346855661924155e-05,0.055,,-0.2791688442733409,-0.19391114130144588,-0.23528372061740163,0.17461379226868257,-0.1675409133244307
2025-09-11 15:11:00,SENSEX,2025-09-11,81547.4751546763,0.05463087915871936,5.923731951129212e-05,0.055,,-0.3044130316625657,-0.19231011690623107,-0.26522837146204425,0.16554706852462003,-0.15781674864931014
2025-09-11 15:12:00,SENSEX,2025-09-11,81554.57501384092,0.05545311318520805,5.500608240334269e-05,0.055,,-0.2776960720964389,-0.21671787275049234,-0.2697162150473637,0.16268044868446505,-0.16030395894941607
2025-09-11 15:13:00,SENSEX,2025-09-11,81554.57417499012,0.053905796938104024,5.0774845295393244e-05,0.055,,-0.29136042973669096,-0.21308848739832825,-0.2788003767102606,0.15801914353748125,-0.1581662069900456
2025-09-11 15:14:00,SENSEX,2025-09-11,81548.99961345484,0.053298268162225944,4.654360818744381e-05,0.055,,-0.3297426716718491,-0.17089615082898413,-0.30386003574618337,0.15846254466804094,-0.1538445427343833
2025-09-11 15:15:00,SENSEX,2025-09-11,81552.20047055642,0.045904049683838745,4.2312371079494366e-05,0.055,,-0.3786247268575573,-0.21113965356301334,-0.32310089988945423,0.13336780503710388,-0.1334688377583213
2025-09-11 15:16:00,SENSEX,2025-09-11,81552.52448167239,0.04757126712060039,3.8081133971544934e-05,0.055,,-0.37442767861998527,-0.21018920994173534,-0.3268997001241882,0.13660095562496122,-0.1376689242977317
2025-09-11 15:17:00,SENSEX,2025-09-11,81551.37500255991,0.05508074144614117,3.3849896863595496e-05,0.055,,-0.3574026848713044,-0.22133930473170554,-0.27347138982047225,0.15822537421666327,-0.15895670154810365
2025-09-11 15:18:00,SENSEX,2025-09-11,81551.77500289152,0.05271764567685297,2.961865975564606e-05,0.055,,-0.38101941647419424,-0.20682842955659578,-0.2953562758899963,0.15176761229932495,-0.15155346372810813
2025-09-11 15:19:00,SENSEX,2025-09-11,81551.02465235392,0.05345840104764265,2.5387422647696622e-05,0.055,,-0.38754499371718987,-0.20759972195364407,-0.29943103878770916,0.1541194704884275,-0.15345159630415808
2025-09-11 15:20:00,SENSEX,2025-09-11,81545.50005294339,0.06276946470744776,2.1156185539747183e-05,0.055,,-0.37197563756222607,-0.15611363677430246,-0.3117273981080838,0.17923983821125028,-0.1758013692763115
2025-09-11 15:21:00,SENSEX,2025-09-11,81543.55013362676,0.06782286843384079,1.6924948431797748e-05,0.055,,-0.36853539718854367,-0.14029196496123958,-0.31243317874145426,0.19528460414955312,-0.1936169031935056
2025-09-11 15:22:00,SENSEX,2025-09-11,81549.65003466337,0.07941204696883226,1.2693711323848311e-05,0.055,,-0.34893695867548336,-0.1312212523251216,-0.2958436299241748,0.23039495930834725,-0.2277902300646928
2025-09-11 15:23:00,SENSEX,2025-09-11,81545.65004451896,0.08994858490977548,8.462474215898874e-06,0.055,,-0.3446072586542286,-0.1168000179136775,-0.2689114405414268,0.26246057418971747,-0.25700828904225437
2025-09-11 15:24:00,SENSEX,2025-09-11,81546.90005745809,0.12761979850061927,4.231237107949437e-06,0.055,,-0.33332941779929387,-0.10473313470590073,-0.13513873653177982,0.37834445920477466,-0.3693560141426981
